y1,x1,z1,z2
2.166364914,NA,0.171684595,0.116258597
15.80504823,7.033942472,NA,0.494909259
10.57540635,NA,0.098538021,NA
14.70106778,6.669885538,0.416654446,0.415163282
5.838340997,NA,0.576317882,0.21723056
11.92423133,4.987327009,NA,NA
5.086214105,1.273623656,0.169783894,0.012127114
15.54300163,NA,NA,0.039532334
7.20783164,2.739355328,0.833949854,0.6335777
17.2316599,6.847496236,0.295909459,NA
1.442493147,-1.111467453,0.179627359,NA
6.864380067,NA,NA,NA
12.29327065,5.224895973,0.312170285,0.669953494
9.034005384,4.007367897,NA,NA
11.02892721,NA,NA,NA
13.57887685,5.669400197,NA,NA
15.83979174,6.23598942,NA,NA
15.39195265,6.674199385,NA,0.622211568
10.03597808,5.399856221,0.33253042,NA
9.077346462,NA,NA,NA
-1.075882494,-1.508922521,0.213054625,0.357504386
7.743223324,2.115639409,0.320277503,0.275688661
10.43797587,4.910329722,NA,NA
5.28411719,2.204783295,NA,0.597732112
6.867991783,2.162137149,0.08562132,NA
0.934251449,NA,0.180268243,0.224098733
11.27527274,3.900014393,NA,NA
10.30625405,3.603158779,0.107447503,NA
7.367244562,NA,NA,0.323489903
1.038162831,0.441485614,NA,0.067353177
-1.995048146,-2.041611202,0.009567351,NA
4.893209312,2.069414526,0.23034408,0.992354223
6.932946735,NA,0.882973894,0.486265696
15.48881048,NA,NA,0.7436314
8.198176599,3.433499943,0.699061897,NA
3.295437445,1.129630594,0.915686501,NA
9.026298565,NA,NA,NA
4.383314498,1.693278288,0.791112131,0.231141386
12.72383149,4.841417011,NA,0.558218059
5.650935729,NA,NA,0.675413333
7.314515227,NA,NA,0.89970064
8.128567295,NA,NA,NA
9.417207964,NA,NA,0.509323383
8.906823154,4.317969593,NA,NA
4.729692196,NA,0.920956207,0.639900574
-4.394800822,-2.340553267,NA,NA
-1.728141515,-1.840307971,0.411274088,0.081462824
11.79271108,NA,NA,0.278648695
8.626714761,4.577282817,0.590922586,NA
5.915433549,NA,0.723687692,0.299620589
0.443820428,NA,0.842759862,0.483938869
18.6434755,NA,NA,0.916469938
1.93358414,1.213328649,0.961638173,NA
2.185114272,1.128800541,0.038524293,NA
8.448277833,2.953675683,0.827962598,NA
11.13271299,NA,NA,NA
3.837991137,0.972652944,NA,0.018170631
6.020813839,2.56292849,NA,0.402018556
13.80634233,NA,NA,NA
7.123479695,NA,0.621580726,NA
8.415356696,NA,NA,NA
4.097676565,1.179016436,0.266280068,NA
5.363950468,1.905756232,0.697403809,0.784749167
2.975935626,-0.246233845,0.956246669,NA
7.290411926,NA,NA,NA
2.409903756,NA,0.907281241,NA
3.206436942,0.629708752,0.484342234,0.630740871
-0.895725891,0.150726041,0.233347925,0.337845068
16.07133378,6.579514083,NA,NA
10.66124043,5.051833991,NA,NA
9.411504545,NA,0.441993644,0.735912957
11.08375589,NA,NA,0.842312592
7.028671981,2.111189191,0.669989598,0.23843521
8.515666283,2.475249435,0.369782588,NA
10.00128103,NA,NA,0.629125053
11.7463723,4.602545465,NA,NA
1.862817851,0.634417025,0.705763238,0.144965276
12.18698989,5.430904413,NA,0.997047575
8.72403824,3.6371692,NA,NA
3.105775665,1.403345356,0.512812928,0.619848376
5.265433255,NA,NA,0.023141847
16.38504067,8.258200294,NA,NA
11.64656864,5.746896332,0.814229865,NA
3.177495733,1.416418105,0.430175098,NA
4.107982219,0.352636137,0.277090765,0.032630764
14.39207023,5.956187952,NA,NA
4.44299382,1.069776225,0.447817289,0.598223729
3.658802903,2.18334073,0.302150898,0.863490382
2.800994412,0.653515521,0.566664663,NA
-5.829275437,-2.911198668,NA,0.027629947
10.4161709,4.050087465,NA,NA
4.118264166,NA,0.29288053,0.862906792
5.006867231,2.067661874,0.498107681,0.881160259
15.67926811,NA,NA,NA
4.524015556,0.706435892,0.35471348,0.681613004
8.211917687,3.271420361,0.846327004,NA
6.529975383,2.497552759,0.333808401,0.977014166
0.731106052,0.682546001,0.138399463,NA
7.204032344,NA,NA,NA
5.798069545,2.535263452,0.693892608,NA
13.99115672,5.619914366,0.4957591,0.184987482
5.007978383,1.927889137,0.068191508,NA
3.69790532,0.859112169,0.224497801,NA
-1.516179896,-1.300657196,0.286216075,NA
9.405100079,NA,NA,0.405667455
7.098411049,NA,NA,0.924109287
17.82987632,NA,NA,NA
3.574053801,1.678972099,NA,NA
1.633134648,0.272402034,NA,0.264794601
3.78154295,1.115977162,NA,0.327286183
17.29899873,8.78565791,NA,NA
-3.006662457,NA,0.224382213,0.095079371
12.44450096,4.493195498,0.320399442,NA
7.55176059,3.475728643,0.36970978,NA
12.98344247,NA,NA,NA
17.82582507,NA,NA,NA
5.200755626,2.966448556,NA,0.89601563
10.07516025,4.305732531,0.122901322,NA
5.480451073,2.036463301,NA,NA
5.043864614,NA,0.743860136,0.042405154
1.809856648,NA,NA,0.022328566
9.416457777,3.324698471,NA,NA
2.423025864,NA,0.832897884,0.660318166
2.349951883,NA,NA,0.313067122
14.82106681,6.858140019,NA,0.471170002
3.177469968,1.344278074,0.885392805,NA
6.503476483,2.175718367,NA,NA
12.20167675,4.337796923,0.116550592,NA
7.251665827,3.88138892,NA,0.515367338
9.918241757,3.991422312,NA,NA
9.166033229,4.901496674,0.879160834,NA
-3.287305785,-2.454555565,NA,0.174558374
4.441421158,2.621517863,NA,0.780181797
4.894384023,NA,0.992270926,0.081422864
7.522523696,NA,0.044598382,0.020838147
9.085936527,2.946439059,NA,0.367576538
4.470495566,1.297306063,0.273255876,0.753963651
2.716977782,NA,0.17883734,0.305410165
9.585750871,3.691424104,NA,NA
1.558469749,-1.109431919,0.632622807,0.180564507
10.25672944,3.755092873,NA,0.386976406
13.81711348,5.150248864,0.651385454,0.058704387
4.869013753,1.552386393,0.242851549,0.237906948
11.31821905,4.593947451,NA,NA
7.688629721,3.090217098,0.32794464,NA
12.14745807,4.588340971,NA,NA
1.113656616,0.209917245,0.65307536,0.023671692
8.801572837,3.16563746,NA,NA
16.37785066,NA,0.842572838,NA
5.004853247,2.180814991,NA,0.736128453
11.48693739,NA,NA,NA
8.248751524,4.008910381,NA,NA
9.62273602,4.374481938,NA,0.891581797
2.885594764,0.427845291,NA,0.377831446
5.541854116,NA,0.46032322,0.943832727
4.072301869,1.929603751,0.258660766,0.533858481
5.721591807,2.961313927,NA,NA
-0.840159568,-1.037952054,0.192541278,0.200248992
4.63796996,1.794361108,0.922284758,0.348654662
0.900715386,NA,NA,NA
-2.220061766,NA,0.475647352,0.042641167
6.500647962,3.243728028,NA,0.000442528
14.03478035,6.007402825,0.857715337,NA
10.40565094,4.576172921,NA,0.21523881
8.34717452,2.858594654,0.149392225,0.143047103
8.040362502,3.071168101,NA,NA
10.83363248,NA,NA,NA
5.011801112,NA,0.095527336,0.578526669
3.650468522,0.889308555,0.019675239,0.519921321
2.465068305,0.361501207,0.289226137,0.775556946
3.448064053,0.744147409,0.721184169,0.450778458
8.252001804,2.581271016,NA,0.360323023
10.92952238,5.215115999,NA,NA
7.491644341,NA,NA,0.704406209
5.982139541,2.723579919,0.705682146,0.11257248
3.149711232,NA,0.147792874,0.528711513
4.910746319,1.986836639,NA,NA
8.59736987,NA,NA,0.771825868
7.161709012,1.905722927,0.301416052,0.642257218
7.145495816,3.165425393,0.994776775,0.592740947
12.06289577,5.041325029,NA,0.806544706
-5.169874796,-3.252243663,0.755414359,0.042774349
1.004024106,-0.522106457,NA,0.311330424
5.463529127,2.456345471,0.096936463,0.484515916
10.41584032,4.40628829,NA,NA
4.072014036,0.867041604,0.000955747,0.203580073
9.675919517,NA,NA,0.499506408
4.248212575,1.582038147,0.751865656,0.115875275
12.10074073,5.120150422,NA,0.274654679
8.838401175,2.978379655,NA,NA
8.408247374,3.931775925,NA,0.700099428
10.3929657,4.62149924,0.511172113,NA
8.313553041,2.950675896,NA,0.963260678
10.71978464,4.355201657,0.39492338,NA
14.40985069,7.258180554,NA,0.160333946
-3.808161494,NA,NA,NA
9.001439381,3.81024808,NA,0.765763928
14.00952322,5.396957403,0.227041464,NA
3.798716834,1.575626646,0.210748312,0.599593892
9.6637019,NA,NA,NA
1.272912895,0.120148835,NA,0.39273322
5.599049182,1.565231494,NA,0.34177774
8.735717749,3.734744403,NA,NA
14.76193632,6.895556808,NA,0.031101555
10.49154022,4.604270059,NA,NA
2.910982797,0.414525839,NA,0.116917076
-0.351170267,0.105375148,NA,NA
7.932170341,2.294577032,NA,NA
7.045855908,NA,NA,NA
5.339637015,NA,0.239616562,NA
3.964883845,NA,NA,0.88688254
5.623068958,NA,0.689235565,0.827686697
6.289586775,NA,NA,NA
12.39078329,NA,NA,0.143133001
-4.681984277,-2.486017894,0.491514545,0.604556997
7.810775351,3.500373061,NA,NA
13.50739249,5.403702278,NA,0.56044841
7.101998954,NA,0.056513354,0.130608073
8.076973712,3.475900201,NA,NA
12.44070591,5.993768929,0.493020695,NA
8.51364615,NA,NA,NA
5.839684334,2.591297635,0.813736717,NA
-1.998725256,-1.555362359,0.148637738,NA
10.84069076,5.37928496,NA,0.961608641
2.820433325,0.736457075,0.722870636,0.745879177
4.615488415,1.62487462,NA,0.532156895
2.458746941,0.268819606,0.564486037,0.282056055
5.927754026,NA,NA,NA
0.997515979,-0.875066845,0.252182704,NA
14.78178375,6.974181482,NA,0.761746508
6.398091079,3.020962414,NA,NA
12.27709034,NA,NA,NA
11.73828475,NA,NA,0.057354641
5.810443765,NA,0.86359009,0.347576177
0.3759344,-0.657517995,0.710169396,NA
12.36180334,6.074584446,NA,NA
7.534043301,3.453219358,NA,NA
6.797601852,3.203930103,NA,NA
13.83178789,6.054238557,NA,NA
1.438507966,0.552120274,0.384662612,0.381915605
8.247275878,NA,NA,0.163238685
0.997131508,-0.705108409,0.162139286,NA
0.411529206,-0.362795684,NA,0.639831814
15.39176936,7.088211842,NA,NA
12.37070538,NA,0.173865574,0.741477538
-1.661972662,NA,0.269684825,NA
18.36850045,NA,0.800578722,0.124866696
12.76129979,5.824067123,0.986090265,NA
3.980318637,NA,0.287994204,NA
-2.862362748,-2.690213506,0.966269668,0.080929125
12.17269359,4.650158977,0.012887209,0.415420909
-0.79470222,0.217405051,0.703228175,0.609915669
14.01623041,5.524538268,0.544258471,0.494597651
15.73254602,5.982295106,NA,0.309617327
8.866130849,2.932677915,NA,NA
-0.671906998,-0.513394722,NA,0.618298168
4.527346811,1.934434086,0.198526342,0.79946438
2.984967261,NA,NA,0.789501201
-2.185255017,-0.823819025,0.725710769,0.076589373
3.689712943,2.137295356,0.903776777,0.904868091
9.796859396,4.848185171,NA,NA
2.6396933,1.694135315,0.855906945,0.056483036
4.128951506,1.302549792,0.483586236,NA
7.862226361,3.584011716,NA,0.180383885
2.657812714,1.013803968,0.588192902,0.181855955
15.50706674,6.546097894,0.167374345,NA
4.350419098,2.255115442,NA,0.922585951
7.532817244,2.375032877,0.458854324,0.099221418
13.24917895,NA,NA,0.854487175
5.900321256,2.240283178,0.144577731,0.635149833
7.715563361,2.237207988,0.543789761,0.040422299
0.859116285,NA,0.457409338,NA
3.85539505,1.191271322,0.273621453,0.495586895
0.41338008,-0.369794611,0.010233379,NA
7.682488736,2.95765205,NA,NA
3.726746512,1.218730025,NA,0.675803362
4.155140369,NA,NA,0.873645693
5.517865693,NA,0.360401495,NA
9.732818133,NA,0.9058722,NA
8.366656519,2.671378373,0.130025081,0.079798985
-0.546267113,-0.512630791,0.191344439,NA
7.906144836,4.175370201,0.382355186,NA
0.262178247,-0.073287157,NA,0.90859852
0.477664919,-0.468370287,NA,0.408041071
11.83089007,4.771715414,NA,0.372190002
3.779085944,NA,0.41090172,0.218624426
15.53397432,6.73854694,NA,NA
9.333265475,NA,0.950670957,0.702026756
2.518788672,NA,NA,0.145132992
10.56438663,3.71252796,0.095079696,NA
4.97726643,1.122697465,0.643372632,NA
2.112236294,0.032770769,NA,0.049052466
8.617290142,4.222049093,0.738641687,NA
0.902239465,1.858454297,0.240657145,0.656400818
11.78622627,NA,NA,0.779563475
4.620396366,NA,0.547300028,0.937402792
8.586830967,NA,0.282840443,0.673734555
8.508118127,2.50907823,0.213724621,0.256567788
11.69910163,4.344738058,NA,NA
-6.948815851,NA,0.04929701,0.31340965
19.49511122,NA,NA,0.062706114
8.714126619,NA,0.673825834,0.619227614
1.303574285,0.305532051,0.27393666,0.186045429
4.599633471,0.581946456,0.057345872,0.250212128
4.901280749,2.348339174,0.569155337,0.12312366
17.96529767,7.243257504,NA,NA
8.238804996,3.164045849,0.28505727,NA
8.086529921,3.348656044,NA,NA
14.6877518,6.608203607,NA,NA
2.967514359,0.903627116,NA,0.717841497
5.116489404,1.63967668,NA,0.466585812
5.238380166,NA,0.709336519,0.606676392
4.871237814,NA,NA,0.505468962
7.992127038,NA,NA,0.303999922
-1.403482865,0.67137404,0.597173098,0.393418635
17.24097663,NA,NA,NA
3.924606495,0.952765935,0.353750317,0.940755282
5.484314879,2.302806349,0.315046245,0.844644631
9.306385874,3.258179941,NA,0.821308577
-1.076452656,NA,0.473516069,0.810845028
4.483767088,1.447521476,0.120548431,NA
11.64763356,4.966870364,0.915448782,NA
1.84429575,NA,0.941469463,NA
6.572747917,NA,0.812115058,NA
7.286833503,3.103267209,NA,NA
10.28498069,4.416805998,NA,NA
-0.870394484,NA,0.007290446,0.105353433
-2.905601494,-2.384003315,0.232899209,NA
8.092137702,3.153173548,NA,NA
-1.151877959,NA,NA,0.575586976
5.243899515,1.633911936,0.216905884,NA
9.589493795,5.343550862,NA,NA
10.1896981,4.652225022,NA,0.790553955
1.824294247,NA,0.775267617,0.08361443
3.69392407,0.872252592,0.307031186,0.170354238
18.25501138,8.613563454,0.906281802,0.684962499
4.554426503,1.234217657,NA,0.127369528
7.932473022,NA,NA,NA
17.01934075,NA,NA,NA
3.910857781,1.376079278,NA,NA
10.23584909,4.150078156,NA,NA
12.21710564,5.105558642,NA,NA
6.461173643,3.069717436,NA,NA
11.49081137,NA,NA,NA
4.292836748,2.380737983,0.938707779,NA
12.50940573,NA,NA,NA
-1.084932437,-0.768074058,0.253156516,NA
15.11557372,NA,0.30935601,0.834466423
5.523086952,NA,NA,NA
7.169174019,NA,NA,NA
10.83417678,4.476744142,NA,NA
2.291133485,-0.06864759,0.004284343,0.905107405
6.657884303,2.656101678,0.724145022,0.570014055
15.52353659,NA,NA,NA
5.943220762,NA,NA,NA
0.87769059,-0.493426692,NA,NA
21.88845682,9.328318385,0.966274249,NA
21.53025958,NA,NA,0.563034745
9.42744778,NA,0.512622874,NA
4.179592514,NA,NA,0.14567221
12.47930658,NA,NA,NA
9.42615328,3.682992677,0.513195398,NA
-3.578056137,NA,0.21792767,0.383097986
10.38829168,5.74846873,NA,0.279601892
8.795238196,2.850201389,NA,0.306997731
1.63276832,-0.841703603,0.034774748,NA
10.09714268,4.7449627,NA,NA
-1.049553581,NA,0.141122415,NA
0.42644208,0.897198025,NA,0.343608966
18.01119785,NA,NA,NA
14.4339928,7.07463426,NA,NA
9.03965304,4.488154155,0.89598994,NA
12.9282025,4.253969747,NA,NA
7.953184187,NA,NA,NA
0.610806541,0.059540602,0.475103985,0.511126393
2.805367602,0.717575418,0.773058915,0.660970626
17.38080569,7.798336578,0.331635486,0.549978148
9.161983856,NA,NA,NA
5.420224946,1.725074283,NA,0.625621754
11.04576293,4.665122942,NA,NA
14.1497315,NA,NA,0.272873676
11.26258382,NA,NA,0.724061834
5.92964893,NA,NA,0.275559711
9.884589612,3.221981738,NA,NA
9.590866411,3.034780296,0.269878112,NA
5.321179787,NA,0.343724654,0.289073702
6.780515765,3.366042179,0.469383854,NA
2.509809685,NA,0.342890646,NA
6.727013223,2.737046866,0.69958142,0.958354306
5.800112072,NA,NA,NA
0.618399162,0.539072465,NA,0.361180645
9.144898854,4.244347794,NA,NA
3.089600945,0.209143985,NA,0.645636978
5.782738687,2.763830759,0.567276059,0.782629869
8.76065242,2.659788464,NA,NA
13.94408331,NA,NA,NA
4.262331435,2.073225953,0.975787702,0.635264003
4.472215524,NA,0.254556584,0.822820461
2.73561035,NA,NA,0.007905443
10.10600175,NA,0.314066055,NA
0.786441029,-0.921314998,0.079562285,0.601077965
15.5186492,5.865192514,0.880753804,NA
11.77192076,4.736124771,NA,NA
8.100588531,3.174890234,NA,0.50266598
10.36926293,3.273270912,0.176827014,NA
15.14516234,6.653837067,NA,NA
2.240138046,0.281656553,0.388957397,0.327729851
5.736798543,NA,0.756518598,0.729103473
-2.173525915,-0.534171545,0.588886417,0.55876903
5.472395521,NA,NA,0.811750052
15.51410096,6.986892129,NA,NA
1.035952356,NA,0.945195137,0.411090839
15.32727915,6.655117832,NA,NA
3.416012306,0.549053214,0.645021912,0.937507915
9.136635071,4.96644744,NA,0.763120227
3.397694278,1.1515501,NA,0.599091689
-1.141545682,NA,0.167106076,0.439134127
-3.827528276,NA,0.902198335,0.396122009
8.448537223,2.913111921,NA,NA
9.944359644,6.197727248,NA,NA
-2.327035095,NA,0.087427238,0.870687871
-0.604417531,-0.189245787,NA,0.404244196
5.361253871,2.098936179,NA,0.953154755
11.25040388,4.151590158,NA,NA
6.426560107,NA,0.731888699,NA
2.522110793,1.030935232,NA,NA
7.780889798,3.449214816,NA,NA
2.773144545,0.047926094,0.131706343,0.204796243
-2.914309871,-0.868340627,0.725351918,NA
16.89150807,NA,NA,NA
11.78674455,5.402305149,NA,NA
15.86124498,6.393748784,NA,0.48196157
2.481083694,-0.790840079,0.397620628,0.293730261
5.609377802,1.882198419,0.719748473,NA
8.813602731,NA,0.872221609,NA
6.603301448,2.018957887,0.556013525,NA
3.37090892,1.846168527,0.922972116,NA
11.93785998,NA,NA,NA
10.02372487,3.37795594,NA,NA
1.518622467,NA,0.4619889,0.61256965
-1.758519312,-0.914313383,0.618357872,0.35048589
12.19496804,5.779437561,NA,NA
10.99822527,5.174614314,0.061557687,0.422237862
11.24244824,4.236992287,NA,NA
1.013476611,NA,0.408673192,0.146776081
11.74185703,4.944248599,NA,NA
14.57394694,6.974152876,NA,0.35724211
18.30629082,7.526722889,0.019662814,0.846987247
4.554981048,1.726935805,NA,0.90677036
12.6346795,4.551873911,0.792205124,0.240690808
9.072462316,NA,0.411074464,0.925097352
7.299131868,NA,0.329657955,0.988729024
15.19513026,NA,NA,NA
17.42864691,NA,NA,NA
16.43763186,6.639973609,NA,NA
4.486014269,NA,0.057004408,0.677331773
5.000335925,NA,0.982168716,0.256893622
-1.13851028,NA,0.55142154,0.368569924
-0.057416007,-1.581734138,0.086780972,0.060336916
3.592476858,NA,0.23987196,0.936558526
0.814382327,NA,0.50202453,0.102931736
19.01124964,NA,NA,NA
3.73703117,NA,NA,0.27582905
17.20418221,6.751518221,0.569800272,NA
0.1884966,-1.568047507,0.288360537,0.126756952
5.813245969,NA,NA,NA
-3.082663407,-2.205517119,NA,0.698907163
2.756069332,-0.273602605,NA,NA
6.882796567,2.166011241,0.039121909,NA
8.483521554,3.755096124,NA,0.798625947
13.11780273,5.364252188,0.575856947,NA
10.11551312,NA,0.33659799,NA
5.931792202,NA,NA,NA
12.197628,NA,NA,NA
10.46595034,4.11159599,0.448692367,NA
8.888133896,NA,NA,NA
1.94417251,-0.300958957,NA,0.182024595
8.960716018,NA,NA,NA
7.605744498,3.890841639,NA,NA
10.04090577,3.042435844,0.156562066,NA
16.2514234,6.927497311,0.672013029,NA
9.435380248,4.416021449,0.188646116,NA
10.06033122,NA,0.591526305,NA
4.927584715,1.277240599,0.869353503,0.199375947
3.439644402,2.409523677,0.251566574,0.414106623
-3.290111184,NA,0.310664405,0.399503206
3.866484905,NA,0.535108191,0.390406036
13.18587191,5.778401377,NA,NA
12.44086829,NA,NA,0.66013421
3.598318735,1.978217828,NA,NA
4.203836821,1.598502815,NA,0.194169813
8.141944275,NA,NA,0.449653904
13.87054916,5.958166408,NA,NA
4.84131582,NA,0.189000344,0.404027073
7.419291494,2.45231045,NA,0.228230631
8.263281294,3.684168032,NA,NA
9.848978802,4.924727573,0.970023314,NA
8.976483815,2.583960685,0.035734889,0.391362353
2.768217938,0.269791926,0.12632861,0.46039717
3.057440123,0.991688867,0.065690826,0.047984328
7.362467313,3.498221777,NA,0.149657987
-0.397496402,NA,0.109179075,0.569923444
11.03119916,NA,NA,NA
10.20807173,NA,NA,0.179683789
2.437512365,NA,0.901528729,NA
9.576714223,4.309410061,0.338905353,0.565329949
16.43404239,NA,0.923937428,NA
-3.923942025,-2.363319353,0.179768338,0.347145166
11.07306619,NA,NA,0.292508163
11.00568655,3.442248544,0.044528336,NA
10.16704924,3.74102265,NA,NA
6.906066972,3.678578751,NA,NA
-1.707527871,-0.703818236,0.457321226,0.394165439
9.571269961,NA,NA,0.418129356
8.600339338,3.315968084,0.196108536,NA
-2.382025948,NA,0.538180263,0.70296461
10.37431025,4.211442591,0.405627778,NA
3.383639232,1.098542678,0.258872846,NA
6.325870681,2.098890878,NA,0.616156396
4.577617233,2.313945052,0.809039242,0.708701329
4.711494802,2.94246625,NA,NA
6.386012603,NA,NA,NA
-2.940389612,-1.843985314,0.118322344,0.328495914
-2.896318543,-1.949176155,0.850771864,0.573616957
0.440321044,NA,0.074980749,0.111720585
10.77495371,4.895876192,0.986982036,NA
7.115239919,2.797235201,0.632587781,0.947937115
3.669431508,NA,0.761932846,0.968265447
6.034407879,1.004280334,0.047072442,0.87650416
2.112835117,NA,0.762384902,0.704345288
6.284554408,NA,0.954960091,0.687089443
2.539727643,NA,0.080318332,NA
3.367998278,0.511429365,NA,NA
4.216944295,0.27866219,0.260237318,NA
5.162925797,1.732137639,0.367068937,0.224451677
8.155188568,4.820312049,NA,NA
1.812107522,NA,0.926327159,0.920345816
5.285673179,NA,0.034164404,0.834188114
8.259851007,4.788413552,NA,0.940871573
13.36759995,4.841146608,NA,NA
0.049679546,NA,0.366658124,0.395966771
11.20650811,5.03685387,NA,0.81490378
10.74724676,NA,0.26736654,NA
2.570853844,1.076576667,0.106500873,0.335649948
2.409531619,0.281955783,0.468065119,0.18959055
4.160003732,1.800264132,0.196480781,0.755192065
-5.400955603,-3.633964319,0.338845873,0.120399574
0.584916359,-0.554914462,0.357546821,0.938679444
13.30840699,NA,0.700482844,NA
9.859616548,NA,0.112104444,0.174691616
4.642094369,2.39734745,NA,0.78215161
6.220505228,2.217632441,0.18662491,0.762025752
8.044371383,NA,0.889809099,NA
9.123858388,3.058205491,NA,0.560221404
15.96221868,5.701602326,0.30515404,NA
3.279984513,0.5433584,NA,0.110624307
14.98044596,6.025329719,NA,0.568917216
10.67500444,4.638920417,NA,NA
3.640536932,NA,0.898724802,NA
12.42985848,4.781157739,0.888725242,0.237432861
1.619870524,0.297545309,0.714145903,0.247118402
5.192079308,1.814891319,NA,0.068768168
1.299653757,-0.220370092,NA,0.030446314
2.576716739,NA,0.842661975,0.169802391
13.23596521,NA,0.354980047,NA
5.948046375,1.425582907,0.357486004,NA
11.16187139,4.329440757,0.331359955,NA
-0.98978446,NA,0.136068862,NA
1.900355349,1.488570951,0.4501494,0.739883126
9.701058824,NA,NA,NA
11.12861383,4.962018061,NA,NA
5.484764056,NA,0.430589903,0.625309714
11.72335685,5.93027623,NA,NA
10.70568922,5.454238113,NA,NA
7.354680354,3.027572725,NA,NA
4.662801066,2.225678998,0.581071828,0.751655511
7.478168519,2.807084945,NA,0.234136826
20.46808134,9.791347657,0.774706492,NA
-0.174600188,NA,0.703298892,0.15003273
-1.245212466,NA,NA,0.783286969
17.45510486,NA,NA,0.94629947
5.305147489,NA,0.543425287,0.410585661
10.53898767,4.300343847,NA,NA
7.871406393,NA,NA,NA
14.3606643,4.922985823,0.376394186,0.200840351
11.17288882,4.207213713,0.078632621,NA
18.96149615,NA,NA,NA
3.12582174,2.14009981,0.78625347,0.083730125
17.70255073,6.851011782,NA,NA
12.97707301,5.825308618,0.601205834,0.974205653
3.973437635,0.989894087,NA,NA
17.9122178,NA,NA,0.864956187
8.572081166,NA,0.068330153,0.147363501
11.17407481,4.364646693,0.650082976,0.375675479
11.65985725,5.190596536,NA,NA
10.69563214,3.588972468,NA,NA
-3.083847466,NA,0.310742351,0.55414413
6.276131606,NA,0.750573216,NA
8.859537862,2.994389253,NA,NA
4.142528878,1.327289095,NA,NA
1.934912878,NA,0.299447451,0.020458961
2.150706038,NA,0.975199846,0.716695689
-3.913496764,-2.145563232,NA,0.271800582
6.844763527,3.31624477,NA,NA
10.83542805,5.03518357,NA,0.848699503
13.76974678,6.486317948,NA,0.786281865
11.8866292,5.29775462,NA,NA
11.00212342,4.72404763,0.638892863,0.580327257
-2.515011921,NA,0.613133122,0.377455082
9.601152586,4.42463393,NA,0.965459092
14.12459334,NA,NA,NA
7.374739009,NA,NA,NA
3.587621161,2.177353877,0.998477844,0.17611926
2.588102173,NA,0.762004874,0.796335995
6.957075058,3.818364374,NA,NA
12.23415456,4.865988163,0.674936528,NA
11.18636324,4.492496488,0.798049002,NA
10.5814497,4.924259009,0.255349788,0.711618522
7.112484597,NA,NA,NA
8.277509762,NA,0.981592098,NA
10.92777703,NA,NA,NA
14.57678889,5.821261241,0.460151188,NA
12.99330076,NA,NA,NA
10.52745249,4.899128945,NA,NA
-2.915898427,NA,0.235483528,0.48212242
7.44736289,NA,NA,0.789560854
6.448355076,2.243998384,NA,0.37942054
13.84022721,5.806769608,NA,NA
2.992354896,0.17025637,NA,0.724869567
8.394502769,3.613098122,0.409824828,0.23471779
10.54765805,5.030437568,NA,NA
2.309458504,0.211614222,0.378663952,0.37311674
4.85581122,NA,0.232770866,0.170925016
8.683606836,3.511195004,NA,NA
2.945869791,NA,NA,NA
0.833102815,-0.004457749,NA,0.009603896
-2.813608326,-1.126001962,0.448131456,0.293724534
12.18323596,5.136876861,NA,NA
9.266347453,3.090711507,NA,NA
11.29270428,NA,NA,0.017076152
0.090176223,-1.223256963,0.152570213,NA
11.40689827,4.744144274,0.396922712,0.667713979
3.605360167,0.537450438,NA,0.19526838
9.124737291,3.062849783,NA,NA
10.6340697,NA,NA,NA
-4.15745123,-2.237269144,0.313780624,0.172878255
7.109528489,NA,NA,0.555755863
0.75265073,-0.7519132,0.140012506,0.186450257
3.526706159,0.953239482,NA,0.029373393
4.5032829,0.126488973,0.394428527,0.142324879
6.184017584,2.618914033,NA,0.551363328
1.414925852,NA,0.205152149,0.493242458
7.942998671,NA,0.83116671,0.440389777
11.30299708,5.39145103,NA,NA
3.741391243,0.755828967,0.108833462,0.554592652
-1.153443038,-0.260160209,0.148600995,NA
3.687269284,NA,0.079799837,0.336711585
1.857468302,1.204279668,0.331663308,0.907004838
2.5302379,0.476705721,0.39232132,NA
8.702717486,4.47995489,NA,NA
7.350070015,3.158186116,NA,NA
9.108706509,3.557627292,NA,NA
-1.200470038,NA,0.091221494,0.531332831
6.191300471,1.732243926,NA,0.009918128
14.20117147,6.385979386,NA,NA
6.569868269,2.720452574,0.399050103,NA
8.717259084,NA,0.369110095,NA
10.16497305,NA,NA,NA
6.064361469,2.249257119,NA,0.610833106
4.456144271,NA,0.058509763,0.694774243
9.739412048,3.987216497,0.177306999,NA
12.66908114,NA,NA,0.776547578
7.11273717,3.763436489,NA,NA
13.45579281,5.839728698,NA,NA
9.557616719,NA,0.181407677,NA
3.195543588,NA,0.301321014,NA
15.75219753,7.181621431,NA,NA
12.43472854,5.980813459,NA,NA
0.05134068,-1.100768675,0.319622109,NA
7.202561537,2.76180665,0.900627659,0.841273506
3.966735546,0.96767513,0.55462397,0.103010789
3.964125831,NA,0.352050852,0.447014303
17.08743073,7.008345563,NA,0.715864252
-5.354012494,-1.405283606,0.92252855,0.592571927
3.122590814,0.56747739,0.573530372,0.042590488
5.225473618,NA,0.34910351,0.164134524
11.78777481,5.254976488,NA,NA
9.481273305,3.501502169,0.560450127,0.044776838
5.584984645,NA,0.985952257,0.840554901
15.93628741,6.049407126,NA,NA
16.83263264,7.176721858,0.706008203,NA
9.450750802,4.500714214,NA,NA
14.67616831,NA,NA,NA
15.63803376,7.4982594,NA,NA
13.1160304,5.296875163,NA,NA
-0.136164262,-0.805562225,0.160644565,0.049958305
10.51002386,NA,NA,NA
7.973187207,NA,0.489765777,0.592334806
13.3842527,4.86951823,0.062506652,0.124923571
5.41456835,NA,0.518921143,0.151326631
16.31514097,NA,0.67743567,0.743448197
9.151709243,3.602495719,0.795028427,0.189955477
12.03177545,4.62357638,0.193951431,NA
13.85158661,6.280562935,0.236341286,NA
4.257105399,1.505415935,0.078777235,0.977316231
9.687300943,3.511087192,NA,NA
1.37040374,0.074769859,NA,0.236122899
3.277817216,0.406964369,0.74759379,0.098945168
1.305725298,NA,0.447915853,0.61367455
3.182224833,0.750398944,0.097870522,NA
3.653888884,NA,0.29742926,0.856492726
12.41673102,3.717461376,NA,0.597446995
6.336185634,NA,0.933642443,0.4969581
11.54387584,5.241360864,NA,NA
3.897455049,1.250803791,0.170400447,0.209884332
11.03416174,4.402838479,NA,NA
-1.208752028,-0.978820667,0.669067022,0.951815618
2.03436086,0.058744897,NA,0.174905938
13.15600626,NA,NA,0.7700652
4.685663499,NA,NA,0.078282942
4.950463803,NA,NA,NA
15.43543101,NA,0.629695617,NA
10.44373207,4.713084851,NA,NA
8.898248615,NA,NA,NA
6.016254854,2.046081449,0.701307648,0.419296363
6.88860952,2.712009328,0.575310084,NA
3.92985843,0.573951439,0.339239536,NA
3.072197151,1.1283873,0.918278056,0.001384373
5.10392981,NA,0.988124772,0.939388231
4.07928078,1.31121393,NA,NA
7.05082648,1.92848739,NA,0.86817233
7.499303471,4.701938148,NA,NA
8.758341699,NA,0.705150921,0.422941257
-2.321141479,-0.859989203,NA,NA
6.114994508,NA,0.28910878,0.899344373
11.83716037,NA,NA,NA
18.60749288,NA,NA,NA
13.51425241,6.601897978,NA,NA
7.504483703,3.344368983,0.242361018,NA
8.872011978,4.527242158,0.976591357,NA
12.69278859,5.410090152,NA,0.330721317
3.817162695,1.772002573,0.838357484,0.199793686
6.422131808,2.212752242,0.733117537,0.739940842
1.064701777,NA,0.382507211,NA
11.40812837,3.646788051,NA,0.225708568
3.0802525,NA,0.130515839,0.40318182
1.662155815,NA,0.571433289,0.225816205
19.58502373,NA,NA,NA
9.010534111,3.677307252,NA,NA
3.221364082,0.399179596,0.358010488,NA
15.27087016,NA,NA,NA
16.95760863,NA,NA,NA
5.665467933,2.402869904,0.609577525,NA
11.06615091,4.280052157,NA,NA
13.22219619,4.391970942,NA,NA
2.468090357,1.226268964,0.231808188,0.76689064
2.70837868,0.550175135,0.169603283,NA
19.26620139,NA,NA,NA
15.95334915,6.675389527,0.832166358,NA
12.43064474,NA,NA,NA
6.317198242,NA,0.32751918,NA
4.719436801,1.333035716,0.023593843,NA
5.975862406,2.673307663,0.465643746,0.840434855
4.811924755,1.314683769,NA,0.234242759
16.90588057,6.834280825,NA,NA
1.700839666,0.835880414,0.553479311,0.54851042
10.28630381,3.714596183,NA,NA
8.907478805,5.004362775,NA,NA
6.423367082,NA,NA,0.91455667
3.317491608,0.444352655,0.792609291,0.109416363
5.185347056,2.001126096,0.584278535,0.056645206
9.993093967,3.681008654,NA,NA
14.89231901,6.201985685,NA,0.724630123
2.026048909,NA,0.197695327,0.930577131
-0.051024181,-0.309794774,NA,0.817721075
7.899698871,3.569155222,0.95599302,NA
4.360773374,NA,0.254652805,0.655947185
9.080341223,3.985394014,NA,0.971817689
7.87821611,3.626669865,0.32023331,NA
3.855208844,0.72512159,0.396733228,0.825680846
-4.181611061,NA,0.116886838,0.694084442
13.23914601,5.659045238,NA,NA
6.437039412,NA,0.780662213,NA
5.693435902,1.612397823,0.192214354,0.562801539
10.57298248,NA,0.042337523,0.906564037
-4.73462636,-2.87392684,NA,NA
23.33598451,NA,NA,NA
12.94093392,5.017341976,NA,NA
9.766178967,3.257940971,0.866104426,NA
4.353542421,1.344878071,0.98966414,0.237212988
8.434310567,3.973989727,NA,NA
7.517044976,NA,NA,NA
13.19252907,NA,NA,NA
2.596199865,0.68381589,NA,0.296765539
15.84384989,6.783932149,NA,0.160661967
-0.754071475,-1.936447741,NA,0.943493204
6.760715322,NA,0.604977544,NA
-0.743687812,-0.214249586,0.274890494,0.895678108
13.58119834,6.533655157,NA,0.364904566
11.26674291,NA,NA,NA
13.73606401,NA,0.818575212,NA
4.769233461,1.073122257,NA,NA
0.761890464,-0.358407141,NA,0.463147083
11.11815425,NA,NA,NA
12.36887087,NA,NA,NA
1.823471618,0.95194932,NA,NA
7.947655251,3.36770803,NA,NA
9.351103406,3.626673399,NA,0.097481381
-0.528036919,NA,NA,NA
-1.098062995,-0.917801523,0.986571955,0.131596298
10.74895119,NA,0.925949579,NA
3.907511667,NA,NA,0.509323558
14.24583901,5.215680782,NA,NA
6.172702062,2.003506245,0.166148021,0.592154664
7.867556482,4.122572718,0.425478133,0.366783275
8.79032312,NA,0.934838355,NA
13.13707069,6.161762853,NA,0.621719111
7.532842493,2.452984923,0.921938389,0.268764449
13.24406421,5.637161779,NA,NA
4.289717609,NA,0.62816878,NA
16.16904289,NA,NA,NA
3.669859105,2.304935733,0.442606838,0.908190548
18.96889869,NA,NA,NA
9.574458804,NA,NA,0.578494379
5.419214232,NA,0.266813649,0.161690819
12.20367356,5.360505416,NA,0.945985393
12.39719055,NA,0.518266034,0.731950488
7.732723134,3.190531456,NA,NA
5.384159145,1.880943652,NA,NA
7.915480035,3.966117874,0.824857039,0.878702299
-0.195500484,-0.259819703,0.275800836,NA
6.175435284,1.858874936,0.249649692,0.152230447
1.156227935,-0.003254427,0.316903113,NA
18.74312676,NA,NA,0.18496605
14.04522299,NA,NA,0.995693943
4.006767262,NA,0.744876344,NA
9.668826879,NA,NA,NA
7.864058555,3.268698592,0.87715558,NA
9.570893803,3.635076667,0.333435532,NA
-5.58424036,NA,NA,NA
9.980749211,4.292815537,NA,0.012312697
7.520162932,1.948971085,NA,0.982231406
1.248390356,-0.538489168,0.053610899,NA
11.32766552,NA,NA,0.596418036
9.874474534,4.926466887,0.387939577,NA
8.444808028,2.237988499,0.471223921,0.389566439
9.070653929,3.218306066,NA,0.208200696
4.587745538,1.989583748,0.04131799,0.967544645
6.462062375,2.036887493,0.872502458,NA
10.56275546,NA,0.591280784,0.72407002
13.37657863,5.960052204,NA,NA
18.59487449,7.014783222,NA,NA
-1.482420456,NA,NA,0.108706518
0.350148429,NA,0.69934228,NA
12.58041385,5.007995927,NA,0.151250727
-0.043720043,0.300861256,0.131201524,NA
10.25639993,3.841915362,0.241951926,NA
5.672488762,NA,NA,NA
13.94379068,NA,NA,NA
6.46068386,2.966864876,NA,0.622533896
6.015364442,NA,NA,NA
12.41220747,4.539869777,NA,0.328347969
11.71381548,NA,0.994064402,NA
9.475587821,4.060690303,NA,NA
4.887541664,2.311991717,NA,0.840880276
9.856404349,3.597539293,NA,NA
5.433346093,2.251294288,0.739335027,NA
5.63462741,2.95896065,NA,NA
14.45217635,5.919581553,NA,NA
15.27644902,6.666106516,NA,0.964030563
15.79709882,7.25754822,NA,0.286662196
18.92412493,NA,NA,0.098562548
0.535229216,NA,0.284713804,0.520089248
12.22067363,NA,0.917655477,NA
2.94091883,0.257068885,NA,0.039091148
6.478089852,2.876382268,NA,NA
2.565100208,1.032528481,0.011430637,NA
10.98797666,5.535018875,NA,NA
8.14490945,3.691335265,NA,NA
9.602766739,4.15993949,NA,0.648023285
5.097341138,2.368523714,NA,0.95193095
7.596963231,2.490743407,NA,0.765050171
8.755457436,2.828607485,0.313168499,0.41800093
-2.174548075,-2.840524447,NA,0.163818699
5.40103822,NA,NA,0.012830066
8.952704741,3.812745426,NA,NA
4.117449237,NA,0.543264086,0.99819048
9.03393686,4.445184024,NA,0.686247083
2.474968872,0.447525057,NA,0.856556573
-0.879509541,NA,0.189054969,NA
6.213621112,2.216626782,0.120525937,0.19358472
6.337672299,1.937125122,0.380951649,0.777961996
1.730489223,-0.278025898,0.112339734,0.623183035
11.81552405,6.231896352,NA,0.908813118
0.850215197,-0.761577181,NA,0.63605283
12.20035418,NA,NA,0.612267503
4.368226353,NA,0.144781741,0.732683946
6.662623579,2.897203205,NA,NA
-2.741446679,-1.700191319,0.520855203,NA
5.20331326,NA,NA,0.902916645
13.07652264,5.631232156,NA,0.355430756
6.706985361,NA,0.24153047,NA
12.74817114,6.221611858,NA,NA
12.20079726,5.281837077,NA,NA
-0.370534961,1.072529331,0.631510861,0.95582048
4.578763223,NA,0.798117047,0.681038182
9.488695685,4.536295969,NA,NA
6.194034037,NA,0.370232527,NA
9.960999826,4.648427771,NA,NA
2.447159572,NA,0.696606015,0.361026514
10.30333678,3.891294811,0.153763128,0.459749833
6.592679674,2.710591446,NA,0.865320367
15.39500999,NA,0.886897304,0.274075388
4.692015383,NA,NA,0.460245918
10.16327087,NA,0.112445198,NA
6.914942106,2.819632716,0.099644676,0.648666127
4.505097609,1.726564834,0.181757379,0.723498868
9.351162836,NA,NA,NA
17.07092631,NA,0.727441296,NA
5.879565276,NA,0.399016441,0.221740603
5.835862404,2.326571639,0.462659686,0.739428892
16.74533052,NA,NA,NA
7.324742639,2.692147244,0.411115037,NA
14.8068187,NA,NA,0.894858906
10.23379343,4.176281043,0.552007405,NA
10.59358135,NA,NA,NA
0.813813175,0.38121931,NA,0.243717616
14.02032452,6.265339437,NA,NA
11.93358085,NA,NA,0.646554381
11.95795689,5.027043967,NA,NA
3.312983059,1.566087008,0.709441883,0.757490195
7.007579941,2.797797735,0.115663205,0.621235851
9.630100226,4.183564516,NA,NA
14.6391086,NA,NA,NA
3.075209745,1.052654293,NA,0.774947165
6.135969315,NA,NA,NA
9.779598692,4.464563175,0.643557626,NA
18.03636413,7.320924638,NA,NA
9.919099093,4.311746899,NA,NA
7.504845279,4.110525803,0.618152058,NA
5.025838911,2.727660272,NA,0.732502512
12.98583601,5.248593317,NA,NA
-4.435769186,-3.707175517,0.659183448,NA
-0.099597029,-0.197879979,0.79503057,0.433781205
2.867636117,NA,NA,NA
4.590271243,1.201462419,NA,0.390591111
11.00614632,4.015729706,NA,0.3446082
3.441042872,NA,0.378868153,0.620457822
5.07360595,2.165769584,0.872919755,0.489661965
12.93894462,5.920891032,NA,NA
11.79173516,5.75527577,0.292403879,0.944353047
7.66839498,3.128331793,NA,0.187122594
13.74285952,5.51453375,0.305413571,0.647538148
6.501474955,2.699079543,NA,0.159464699
12.07583673,5.416477763,NA,NA
18.35510176,NA,NA,0.128030797
7.247459708,NA,NA,0.791987841
12.19831646,5.459323356,NA,NA
11.9073327,5.534496122,NA,NA
1.279763628,NA,0.578717892,0.07952346
4.832215211,2.86292786,NA,NA
9.955973165,3.637113982,NA,NA
13.21802066,NA,NA,0.82434164
6.891024235,2.356922314,0.683870412,NA
4.330127742,0.609970337,0.059658917,NA
5.797430338,1.689166038,0.119095388,0.345994259
9.551897704,NA,0.145056008,NA
7.705781458,2.779209132,0.38401672,0.729486029
6.010416767,1.897375494,0.547917131,NA
7.313061323,NA,NA,NA
1.021159956,NA,NA,0.297240926
12.80642882,5.246280641,0.144465671,NA
7.673221818,1.910472398,NA,0.636260917
4.424137622,1.0070925,0.125091237,0.181370074
5.442200871,0.954108333,0.585709702,0.272328789
6.261306033,1.608796178,0.555368382,0.681175394
8.107703134,NA,NA,NA
6.81785626,2.580235586,0.756638675,0.518394236
8.470287922,3.57363582,0.089316486,NA
10.64155495,NA,NA,0.808276
5.255356505,3.030050808,0.384514947,NA
-1.900184119,NA,0.571041559,NA
10.12801167,NA,0.478468323,NA
7.739913653,NA,0.237572759,0.348315596
8.419500676,2.881647772,0.432668523,NA
5.305296125,NA,0.067349927,0.762914565
11.83611093,5.293227589,NA,NA
4.396885082,NA,0.116900328,0.979424929
5.738467897,NA,0.106657207,0.954078315
8.844203305,2.914566921,NA,0.465985666
8.095848035,NA,0.692940746,0.663131142
6.193610391,2.767158139,NA,NA
8.1026609,NA,0.263104549,NA
0.554170089,-0.657511909,0.102702335,0.030255641
3.255810971,1.030756978,0.566180808,NA
14.46274611,5.82064063,NA,NA
4.233849452,1.016329822,0.138484965,0.073329693
4.878090111,NA,NA,0.797445019
8.557957902,3.7029666,NA,NA
5.833359166,2.069089383,0.842190232,0.937321127
