y0t,y1t,y3,y0,y1,x1,t1,tau
10.19528437,12.67750294,10.19528437,10.19528437,NA,-0.626453811,0,3.10867238
11.38739683,14.15095325,14.15095325,NA,14.15095325,0.183643324,1,2.579913092
7.875779448,10.98474659,7.875779448,7.875779448,NA,-0.835628612,0,3.944595758
12.60365279,14.99359605,12.60365279,12.60365279,NA,1.595280802,0,0.794662464
10.56365731,10.48922657,10.48922657,NA,10.48922657,0.329507772,1,-0.403938503
7.106648571,9.686056643,7.106648571,7.106648571,NA,-0.820468384,0,3.399876456
11.54198356,16.73854649,11.54198356,11.54198356,NA,0.487429052,0,4.709133881
9.195141262,11.84871052,11.84871052,NA,11.84871052,0.738324705,1,1.915244551
9.616918599,15.02156693,15.02156693,NA,15.02156693,0.575781352,1,4.828866978
10.54007186,14.60225862,10.54007186,10.54007186,NA,-0.305388387,0,4.367575143
11.72679901,15.99200711,11.72679901,11.72679901,NA,1.511781168,0,2.753426936
10.36838906,13.40310362,13.40310362,NA,13.40310362,0.389843236,1,2.644871319
7.446201836,6.926492962,7.446201836,7.446201836,NA,-0.621240581,0,0.101531707
5.226986204,8.366634812,5.226986204,5.226986204,NA,-2.214699887,0,5.354348496
12.03830611,15.66118959,15.66118959,NA,15.66118959,1.124930918,1,2.497952567
9.758052658,11.50419547,9.758052658,9.758052658,NA,-0.044933609,0,1.791076422
9.384286135,10.26620513,9.384286135,9.384286135,NA,-0.016190263,0,0.898109262
10.08172706,8.85917412,10.08172706,10.08172706,NA,0.943836211,0,-2.166389146
10.13453329,12.47147355,12.47147355,NA,12.47147355,0.821221195,1,1.515719062
12.92695559,13.9674772,12.92695559,12.92695559,NA,0.593901321,0,0.446620289
11.05197646,14.05308281,14.05308281,NA,14.05308281,0.918977372,1,2.082128975
11.94720966,17.04487334,17.04487334,NA,17.04487334,0.782136301,1,4.315527378
10.89685388,14.41808824,14.41808824,NA,14.41808824,0.074564983,1,3.446669382
7.779218537,5.041412568,7.779218537,7.779218537,NA,-1.989351696,0,-0.748454273
11.22454738,14.04381514,14.04381514,NA,14.04381514,0.619825748,1,2.199442014
8.663450967,9.057219169,8.663450967,8.663450967,NA,-0.05612874,0,0.449896942
8.756802987,8.00857666,8.756802987,8.756802987,NA,-0.155795507,0,-0.59243082
8.545262619,7.334703687,7.334703687,NA,7.334703687,-1.470752384,1,0.260193452
7.974421405,7.406105948,7.406105948,NA,7.406105948,-0.478150055,1,-0.090165401
11.15445244,12.06949683,11.15445244,11.15445244,NA,0.41794156,0,0.497102832
11.50447975,16.88574722,11.50447975,11.50447975,NA,1.358679552,0,4.022587915
9.447442395,8.680900086,8.680900086,NA,8.680900086,-0.102787727,1,-0.663754581
9.791937967,12.73517162,12.73517162,NA,12.73517162,0.387671612,1,2.555562041
9.689151303,11.69828714,11.69828714,NA,11.69828714,-0.053805041,1,2.062940879
8.811595506,9.235410217,8.811595506,8.811595506,NA,-1.377059557,0,1.800874268
9.831241333,11.39533373,9.831241333,9.831241333,NA,-0.414994563,0,1.979086962
9.176100922,10.23275202,9.176100922,9.176100922,NA,-0.394289954,0,1.450941049
10.78103543,12.56396111,10.78103543,10.78103543,NA,-0.059313397,0,1.842239081
13.30604179,18.89643373,18.89643373,NA,18.89643373,1.100025372,1,4.490366566
11.13839469,16.23418688,11.13839469,11.13839469,NA,0.763175748,0,4.332616433
10.22370406,12.72398787,10.22370406,10.22370406,NA,-0.164523596,0,2.664807411
9.898176129,10.98681437,9.898176129,9.898176129,NA,-0.25336168,0,1.341999918
10.06754212,14.57930818,14.57930818,NA,14.57930818,0.696963375,1,3.814802683
9.908408656,10.33068286,10.33068286,NA,10.33068286,0.556663199,1,-0.134388992
10.88663692,12.10953473,10.88663692,10.88663692,NA,-0.688755695,0,1.911653505
9.820035052,11.41814434,11.41814434,NA,11.41814434,-0.707495157,1,2.305604449
11.28895472,14.76805263,11.28895472,11.28895472,NA,0.364581962,0,3.114515953
11.30037279,13.50235732,11.30037279,11.30037279,NA,0.768532925,0,1.4334516
10.31686925,15.7725433,15.7725433,NA,15.7725433,-0.112346212,1,5.568020265
11.47351763,13.02272742,11.47351763,11.47351763,NA,0.881107726,0,0.668102064
10.63915757,11.48314908,11.48314908,NA,11.48314908,0.39810588,1,0.445885626
9.305382722,14.24503596,9.305382722,9.305382722,NA,-0.612026393,0,5.551679634
9.501214451,12.6840652,12.6840652,NA,12.6840652,0.341119691,1,2.84173106
10.70717746,10.90890428,10.70717746,10.70717746,NA,-1.129363096,0,1.331089922
12.95149734,14.98289628,12.95149734,12.95149734,NA,1.433023702,0,0.598375233
12.71939189,17.41904412,12.71939189,12.71939189,NA,1.980399899,0,2.719252336
10.66205716,12.6503065,10.66205716,10.66205716,NA,-0.367221476,0,2.355470825
7.806539975,6.753301736,7.806539975,7.806539975,NA,-1.044134626,0,-0.009103612
12.56573795,14.97431403,12.56573795,12.56573795,NA,0.569719627,0,1.83885645
9.403044541,12.13457462,9.403044541,9.403044541,NA,-0.135054604,0,2.866584686
11.28093578,16.36363887,16.36363887,NA,16.36363887,2.401617761,1,2.681085321
11.30525919,11.48053494,11.48053494,NA,11.48053494,-0.039240003,1,0.214515753
12.16683818,17.81639239,17.81639239,NA,17.81639239,0.689739362,1,4.959814854
9.267686919,9.681632853,9.681632853,NA,9.681632853,0.028002159,1,0.385943775
7.474715221,9.022368757,7.474715221,7.474715221,NA,-0.743273209,0,2.290926745
8.448660869,12.26651375,12.26651375,NA,12.26651375,0.1887923,1,3.629060579
7.023548519,7.336678786,7.023548519,7.023548519,NA,-1.804958629,0,2.118088896
10.36440372,16.03523362,16.03523362,NA,16.03523362,1.465554862,1,4.205275045
9.415411989,15.64016204,9.415411989,9.415411989,NA,0.153253338,0,6.071496718
13.42248963,19.26962582,19.26962582,NA,19.26962582,2.17261167,1,3.674524527
11.56878352,15.5274302,15.5274302,NA,15.5274302,0.475509529,1,3.483137156
8.115117227,7.866279805,7.866279805,NA,7.866279805,-0.709946431,1,0.461109009
10.79248677,15.94485196,15.94485196,NA,15.94485196,0.610726353,1,4.541638834
8.853801789,9.853917257,8.853801789,8.853801789,NA,-0.934097632,0,1.934213101
9.838476238,11.19822934,9.838476238,9.838476238,NA,-1.2536334,0,2.6133865
9.478625826,11.94288628,11.94288628,NA,11.94288628,0.291446236,1,2.172814217
7.730751928,9.022855262,7.730751928,7.730751928,NA,-0.443291873,0,1.735395206
8.156048606,13.27972841,8.156048606,8.156048606,NA,0.001105352,0,5.122574451
10.66724917,15.81518979,10.66724917,10.66724917,NA,0.074341324,0,5.07359929
9.055599389,9.19904521,9.055599389,9.055599389,NA,-0.589520946,0,0.732966766
9.919083205,10.71653748,9.919083205,9.919083205,NA,-0.568668733,0,1.366123007
9.65639269,11.52114966,9.65639269,9.65639269,NA,-0.135178615,0,1.999935581
12.16022442,13.50172792,12.16022442,12.16022442,NA,1.178086997,0,0.163416502
7.938868374,9.339518937,7.938868374,7.938868374,NA,-1.5235668,0,2.924217364
10.91446127,14.39759109,14.39759109,NA,14.39759109,0.593946188,1,2.889183632
9.876462897,14.24282019,14.24282019,NA,14.24282019,0.332950371,1,4.03340692
12.85665914,14.66282135,12.85665914,12.85665914,NA,1.063099837,0,0.743062375
9.137950072,12.34056783,9.137950072,9.137950072,NA,-0.304183924,0,3.50680168
11.22179199,14.96758395,11.22179199,11.22179199,NA,0.37001881,0,3.375773153
10.56528734,12.61245179,10.56528734,10.56528734,NA,0.267098791,0,1.780065655
10.96774443,10.53323199,10.53323199,NA,10.53323199,-0.542520031,1,0.108007588
12.52301567,15.35053638,12.52301567,12.52301567,NA,1.207867806,0,1.619652902
11.40291277,17.06374137,17.06374137,NA,17.06374137,1.160402616,1,4.500425989
11.04117152,14.82485544,14.82485544,NA,14.82485544,0.70021365,1,3.083470272
12.25494097,16.73263287,12.25494097,12.25494097,NA,1.586833455,0,2.890858446
8.746883541,6.97784307,6.97784307,NA,6.97784307,0.558486426,1,-2.327526896
9.782505582,10.53008055,10.53008055,NA,10.53008055,-1.276592208,1,2.024167177
10.20398303,12.55278101,10.20398303,10.20398303,NA,-0.573265414,0,2.922063387
7.396464441,6.469075503,6.469075503,NA,6.469075503,-1.224612615,1,0.297223676
9.671906605,10.48442911,9.671906605,9.671906605,NA,-0.473400636,0,1.285923144
9.311345888,11.16453632,11.16453632,NA,11.16453632,-0.620366677,1,2.473557108
8.930414399,11.21836736,8.930414399,8.930414399,NA,0.042115873,0,2.245837088
10.12352494,12.64909083,10.12352494,10.12352494,NA,-0.910921649,0,3.436487535
9.988796054,11.95018034,9.988796054,9.988796054,NA,0.158028772,0,1.803355515
9.201706742,10.47697888,9.201706742,9.201706742,NA,-0.654584644,0,1.929856785
13.05580191,18.44693502,13.05580191,13.05580191,NA,1.767287269,0,3.623845841
10.08093674,12.88178561,10.08093674,10.08093674,NA,0.716707476,0,2.084141385
10.27983201,11.26759332,11.26759332,NA,11.26759332,0.910174229,1,0.077587078
10.52773548,11.56974863,11.56974863,NA,11.56974863,0.384185358,1,0.657827788
13.09934972,17.94166278,17.94166278,NA,17.94166278,1.682176081,1,3.160136975
9.120225851,11.63555073,9.120225851,9.120225851,NA,-0.635736454,0,3.151061332
10.01347848,12.60329474,10.01347848,10.01347848,NA,-0.46164473,0,3.051460995
12.48340346,16.72401394,16.72401394,NA,16.72401394,1.432282239,1,2.808328241
9.569343276,12.61564191,9.569343276,9.569343276,NA,-0.650696353,0,3.696994989
8.286022979,9.421077921,8.286022979,8.286022979,NA,-0.207380744,0,1.342435686
10.087842,13.79851033,10.087842,10.087842,NA,-0.392807929,0,4.103476264
8.730210251,8.402460512,8.730210251,8.730210251,NA,-0.319992869,0,-0.00775687
9.115601156,11.9825259,9.115601156,9.115601156,NA,-0.279113303,0,3.146038043
10.63643043,12.5373586,12.5373586,NA,12.5373586,0.494188331,1,1.406739839
8.086153189,10.96883366,8.086153189,8.086153189,NA,-0.177330482,0,3.060010949
9.141526855,10.4613616,10.4613616,NA,10.4613616,-0.505957462,1,1.825792206
11.5747006,14.19564259,14.19564259,NA,14.19564259,1.343038825,1,1.277903163
8.959619435,10.81829987,8.959619435,8.959619435,NA,-0.214579409,0,2.073259843
9.176067609,11.46346559,9.176067609,9.176067609,NA,-0.17955653,0,2.466954509
11.09520306,12.98838204,11.09520306,11.09520306,NA,-0.100190741,0,1.993369718
9.81007811,12.2295014,9.81007811,9.81007811,NA,0.712666307,0,1.706756984
9.674268912,10.2656345,9.674268912,9.674268912,NA,-0.073564404,0,0.664929987
7.471587033,11.23063204,7.471587033,7.471587033,NA,-0.037634171,0,3.796679179
8.303339962,9.691542001,8.303339962,8.303339962,NA,-0.681660479,0,2.069862518
9.012297406,11.08060399,9.012297406,9.012297406,NA,-0.324270272,0,2.392576859
11.63256645,15.7022698,15.7022698,NA,15.7022698,0.06016044,1,4.009542911
8.154640205,12.1179975,8.154640205,8.154640205,NA,-0.588894486,0,4.552251786
9.925064753,14.78350392,14.78350392,NA,14.78350392,0.531496193,1,4.326942972
6.324779259,6.32292593,6.324779259,6.324779259,NA,-1.518394082,0,1.516540752
10.63964196,13.93941304,10.63964196,10.63964196,NA,0.306557861,0,2.993213219
8.849417252,11.77256666,8.849417252,8.849417252,NA,-1.536449824,0,4.45959923
8.3500022,8.071656472,8.3500022,8.3500022,NA,-0.300976127,0,0.022630399
8.781855742,8.206164645,8.206164645,NA,8.206164645,-0.528279904,1,-0.047411192
10.38816644,11.92110822,11.92110822,NA,11.92110822,-0.652094781,1,2.185036564
9.230357439,10.28541512,9.230357439,9.230357439,NA,-0.056896778,0,1.111954454
7.81397307,11.16631935,11.16631935,NA,11.16631935,-1.914359426,1,5.266705709
12.15437851,17.21064885,12.15437851,12.15437851,NA,1.176583312,0,3.879687029
6.197145422,2.517185663,6.197145422,6.197145422,NA,-1.664972436,0,-2.014987323
10.52159241,9.559089277,9.559089277,NA,9.559089277,-0.463530401,1,-0.49897273
9.121293861,11.2690898,9.121293861,9.121293861,NA,-1.115920105,0,3.26371604
8.385568989,10.21300948,10.21300948,NA,10.21300948,-0.750819001,1,2.578259488
12.22675636,19.52163047,19.52163047,NA,19.52163047,2.087166546,1,5.207707563
9.635675011,11.97226934,11.97226934,NA,11.97226934,0.01739562,1,2.319198704
8.884612619,12.35909611,8.884612619,8.884612619,NA,-1.28630053,0,4.760784019
6.974842418,4.390938284,6.974842418,6.974842418,NA,-1.640605534,0,-0.9432986
8.801075333,9.652109376,9.652109376,NA,9.652109376,0.450187101,1,0.400846942
9.82925554,12.0599305,9.82925554,9.82925554,NA,-0.018559833,0,2.249234792
10.29480145,11.24373671,10.29480145,10.29480145,NA,-0.318068375,0,1.267003633
7.446838849,7.311560471,7.446838849,7.446838849,NA,-0.929362147,0,0.79408377
7.530894007,6.268370471,6.268370471,NA,6.268370471,-1.48746031,1,0.224936774
7.165018229,7.281228858,7.281228858,NA,7.281228858,-1.075192297,1,1.191402926
11.61684942,12.28127348,11.61684942,11.61684942,NA,1.000028804,0,-0.335604747
8.93560033,9.306748404,9.306748404,NA,9.306748404,-0.621266695,1,0.992414769
7.889674953,9.875611235,9.875611235,NA,9.875611235,-1.384426847,1,3.370363129
12.18160952,14.90004514,12.18160952,12.18160952,NA,1.869290622,0,0.849145004
9.928287105,13.73379341,9.928287105,9.928287105,NA,0.425100377,0,3.380405931
10.51347476,12.76861864,10.51347476,10.51347476,NA,-0.238647101,0,2.493790979
11.69286259,15.3477682,11.69286259,11.69286259,NA,1.058483049,0,2.596422562
11.14269871,10.8073175,11.14269871,11.14269871,NA,0.886422651,0,-1.22180386
5.857946895,4.366428978,5.857946895,5.857946895,NA,-0.619243048,0,-0.872274869
12.03353499,16.45227989,16.45227989,NA,16.45227989,2.206102465,1,2.21264243
10.38036577,14.7515026,10.38036577,10.38036577,NA,-0.25502703,0,4.626163853
7.456442881,9.450363618,7.456442881,7.456442881,NA,-1.42449465,0,3.418415387
8.575082813,10.26003766,8.575082813,8.575082813,NA,-0.144399602,0,1.829354447
9.871984852,13.98652512,9.871984852,9.871984852,NA,0.207538339,0,3.907001925
13.08638685,17.19156773,13.08638685,13.08638685,NA,2.307978399,0,1.797202474
9.657261157,11.74847959,9.657261157,9.657261157,NA,0.105802368,0,1.985416062
11.18211078,15.93376832,11.18211078,11.18211078,NA,0.456998805,0,4.294658727
11.40515154,11.5446191,11.40515154,11.40515154,NA,-0.077152935,0,0.216620501
10.48709056,11.93455999,10.48709056,10.48709056,NA,-0.334000842,0,1.781470268
11.19403349,11.86200057,11.19403349,11.19403349,NA,-0.034726028,0,0.702693111
10.85159208,12.82351851,12.82351851,NA,12.82351851,0.787639606,1,1.184286828
13.95721223,15.59202772,13.95721223,13.95721223,NA,2.075245009,0,-0.440429518
10.5600129,13.76901191,10.5600129,10.5600129,NA,1.027392439,0,2.181606568
11.67264119,16.35220738,11.67264119,11.67264119,NA,1.207908398,0,3.471657785
10.33845277,10.97651226,10.33845277,10.33845277,NA,-1.231323422,0,1.869382912
11.46301535,14.00083368,11.46301535,11.46301535,NA,0.98389557,0,1.553922763
10.02457828,13.16488335,13.16488335,NA,13.16488335,0.219924804,1,2.920380268
7.214911496,9.771957348,9.771957348,NA,9.771957348,-1.467250029,1,4.024295881
11.55280262,15.5554813,11.55280262,11.55280262,NA,0.521022743,0,3.481655946
11.86805745,14.90920675,11.86805745,11.86805745,NA,-0.158754605,0,3.199903902
12.609038,18.19369999,18.19369999,NA,18.19369999,1.464587312,1,4.120074673
8.589612122,8.33999498,8.589612122,8.589612122,NA,-0.766082,0,0.516464857
11.42846602,12.90344474,11.42846602,11.42846602,NA,-0.430211754,0,1.90519048
7.83200553,10.31906032,7.83200553,7.83200553,NA,-0.926109497,0,3.413164291
10.86587657,11.79710766,10.86587657,10.86587657,NA,-0.177103961,0,1.108335052
10.18167254,13.65945725,10.18167254,10.18167254,NA,0.402011779,0,3.075772932
7.88063037,9.276575896,9.276575896,NA,9.276575896,-0.731748173,1,2.127693699
12.46386513,16.84697205,16.84697205,NA,16.84697205,0.830373168,1,3.552733747
6.388115146,4.409359959,6.388115146,6.388115146,NA,-1.208082786,0,-0.770672401
8.119773442,9.568892778,8.119773442,8.119773442,NA,-1.047984413,0,2.497103748
12.1772518,17.15205181,12.1772518,12.1772518,NA,1.441157707,0,3.5336423
8.033911083,9.844851712,9.844851712,NA,9.844851712,-1.015847465,1,2.826788094
8.979954336,13.55323902,13.55323902,NA,13.55323902,0.411974712,1,4.16130997
8.786984767,10.29458019,10.29458019,NA,10.29458019,-0.381076051,1,1.888671477
9.057067015,11.29673725,9.057067015,9.057067015,NA,0.40940184,0,1.830268394
14.45647358,19.43006662,14.45647358,14.45647358,NA,1.688873286,0,3.284719756
10.52305302,13.83126531,10.52305302,10.52305302,NA,1.586588433,0,1.72162385
7.397519863,11.20868984,7.397519863,7.397519863,NA,-0.330907801,0,4.142077775
7.269795224,10.10721085,10.10721085,NA,10.10721085,-2.285235535,1,5.122651166
14.65393679,18.30036322,14.65393679,14.65393679,NA,2.49766159,0,1.148764842
10.80461105,11.84004258,10.80461105,10.80461105,NA,0.667066167,0,0.368365364
10.60517052,15.12801314,15.12801314,NA,15.12801314,0.541327336,1,3.981515291
10.70494389,13.76878714,10.70494389,10.70494389,NA,-0.013399523,0,3.077242776
12.16388159,15.7532466,15.7532466,NA,15.7532466,0.510108423,1,3.079256591
8.162881103,8.550857925,8.162881103,8.162881103,NA,-0.164375832,0,0.552352654
11.93553904,14.60592185,14.60592185,NA,14.60592185,0.420694643,1,2.249688169
9.595641618,12.78590992,12.78590992,NA,12.78590992,-0.400246744,1,3.590515049
7.605344738,7.685800765,7.605344738,7.605344738,NA,-1.370207878,0,1.450663904
12.74690154,16.24440099,16.24440099,NA,16.24440099,0.987838267,1,2.509661181
13.21939122,13.26455446,13.26455446,NA,13.26455446,1.519745025,1,-1.474581791
10.81484163,14.28862293,10.81484163,10.81484163,NA,-0.308740569,0,3.782521869
7.828905223,6.490111428,7.828905223,7.828905223,NA,-1.253289756,0,-0.08550404
11.73953441,12.00249818,12.00249818,NA,12.00249818,0.642241306,1,-0.379277535
10.22866193,14.13835353,10.22866193,10.22866193,NA,-0.044709137,0,3.954400736
6.882972835,8.254981701,6.882972835,6.882972835,NA,-1.733218407,0,3.105227273
11.76043081,12.90589844,11.76043081,11.76043081,NA,0.00213186,0,1.143335766
9.216276318,9.955404775,9.955404775,NA,9.955404775,-0.630300334,1,1.369428791
9.433862754,12.43677324,12.43677324,NA,12.43677324,-0.34096858,1,3.343879068
8.794113057,11.27359732,11.27359732,NA,11.27359732,-1.156572363,1,3.636056629
13.09444738,16.81954655,13.09444738,13.09444738,NA,1.803141908,0,1.921957261
8.797530531,9.461278726,8.797530531,8.797530531,NA,-0.331132036,0,0.994880232
7.538551407,7.333711128,7.538551407,7.538551407,NA,-1.605513412,0,1.400673134
12.90223465,15.75026323,15.75026323,NA,15.75026323,0.197193439,1,2.650835144
10.32217036,12.30407514,10.32217036,10.32217036,NA,0.263175646,0,1.71872913
8.224988058,7.748603927,8.224988058,8.224988058,NA,-0.9858267,0,0.509442569
6.400949329,4.128413354,6.400949329,6.400949329,NA,-2.888920672,0,0.616384697
9.440758193,10.76639674,10.76639674,NA,10.76639674,-0.640481703,1,1.96612025
10.31746038,12.87185824,10.31746038,10.31746038,NA,0.570507636,0,1.983890223
8.827692275,10.01761357,8.827692275,8.827692275,NA,-0.059723276,0,1.249644571
10.70053329,12.32984703,10.70053329,10.70053329,NA,-0.098178744,0,1.727492487
10.96007611,13.80520901,13.80520901,NA,13.80520901,0.560820729,1,2.28431217
8.702559265,10.27058407,8.702559265,8.702559265,NA,-1.186458639,0,2.754483445
11.35384076,16.961497,11.35384076,11.35384076,NA,1.096777044,0,4.51087919
8.339873686,14.15537189,14.15537189,NA,14.15537189,-0.005344028,1,5.820842229
11.1300606,14.62059453,11.1300606,11.1300606,NA,0.707310667,0,2.783223259
13.9417383,15.63721584,13.9417383,13.9417383,NA,1.034107735,0,0.661369808
8.873448936,12.18939826,8.873448936,8.873448936,NA,0.223480415,0,3.092468911
7.697132288,7.080040134,7.080040134,NA,7.080040134,-0.878707613,1,0.261615459
10.40839309,15.81128327,10.40839309,10.40839309,NA,1.162964556,0,4.239925625
6.634620971,5.362081152,6.634620971,6.634620971,NA,-2.000164945,0,0.727625125
10.56426814,12.48100031,10.56426814,10.56426814,NA,-0.54479074,0,2.461522912
9.463176681,14.1070396,14.1070396,NA,14.1070396,-0.255670709,1,4.899533624
9.495246811,12.3829408,12.3829408,NA,12.3829408,-0.166121037,1,3.053815026
10.24206876,13.28699725,13.28699725,NA,13.28699725,1.020463909,1,2.024464577
10.26959926,13.36802393,10.26959926,10.26959926,NA,0.136221893,0,2.962202784
11.64607783,16.53607388,16.53607388,NA,16.53607388,0.407167603,1,4.482828452
12.15573357,12.79662555,12.15573357,12.15573357,NA,-0.069654813,0,0.71054679
10.94319976,13.62161141,10.94319976,10.94319976,NA,-0.247664342,0,2.92607599
10.17330286,14.87260852,10.17330286,10.17330286,NA,0.695550807,0,4.003754845
11.2162125,13.56142769,13.56142769,NA,13.56142769,1.146228357,1,1.198986834
7.002811233,7.392274284,7.002811233,7.002811233,NA,-2.403096215,0,2.792559266
10.84906792,13.31126013,13.31126013,NA,13.31126013,0.572739555,1,1.889452658
10.83741691,13.37633055,13.37633055,NA,13.37633055,0.374724407,1,2.164189229
8.049799634,11.27480323,8.049799634,8.049799634,NA,-0.425267722,0,3.650271322
10.99998934,13.72063515,13.72063515,NA,13.72063515,0.951012808,1,1.769632997
8.48973998,9.866115932,8.48973998,8.48973998,NA,-0.389237182,0,1.765613134
8.644946083,9.781055733,8.644946083,8.644946083,NA,-0.284330662,0,1.420440312
10.56721406,12.1543946,12.1543946,NA,12.1543946,0.857409778,1,0.729770759
12.16465038,12.62488748,12.16465038,12.16465038,NA,1.719627299,0,-1.259390203
10.39941446,11.59261006,10.39941446,10.39941446,NA,0.270054901,0,0.923140699
10.0001729,14.12766304,10.0001729,10.0001729,NA,-0.42218401,0,4.54967414
7.707149284,8.414246069,7.707149284,7.707149284,NA,-1.189113295,0,1.89621008
8.646441912,8.398125672,8.398125672,NA,8.398125672,-0.331032979,1,0.082716739
10.20642359,10.40348266,10.20642359,10.20642359,NA,-0.939829327,0,1.136888399
10.60546753,10.26206822,10.60546753,10.60546753,NA,-0.258932583,0,-0.084466728
11.28841461,11.42890502,11.42890502,NA,11.42890502,0.394379168,1,-0.253888762
10.42218503,12.96720852,10.42218503,10.42218503,NA,-0.851857092,0,3.396880579
12.99600838,17.20848163,17.20848163,NA,17.20848163,2.649166881,1,1.563306376
12.2828351,15.45460146,15.45460146,NA,15.45460146,0.156011676,1,3.015754689
12.92176023,15.11181191,15.11181191,NA,15.11181191,1.130207267,1,1.059844413
6.873337042,4.420496549,6.873337042,6.873337042,NA,-2.28912398,0,-0.163716513
11.73583472,13.59115853,13.59115853,NA,13.59115853,0.741001157,1,1.114322655
8.086973702,7.582358346,8.086973702,8.086973702,NA,-1.31624516,0,0.811629804
11.26887972,12.79087844,11.26887972,11.26887972,NA,0.919803678,0,0.602195038
9.020961673,11.39254698,11.39254698,NA,11.39254698,0.398130155,1,1.973455151
10.13129698,13.21336261,10.13129698,10.13129698,NA,-0.407528579,0,3.489594216
14.12871134,17.51831751,14.12871134,14.12871134,NA,1.32425863,0,2.065347536
11.03792545,9.301397314,9.301397314,NA,9.301397314,-0.701231669,1,-1.03529647
9.298872871,13.56052726,13.56052726,NA,13.56052726,-0.580614304,1,4.842268693
8.39051394,11.15991957,11.15991957,NA,11.15991957,-1.001072181,1,3.770477808
9.179726584,14.13279319,9.179726584,9.179726584,NA,-0.668178607,0,5.621245217
12.56370561,15.14789582,15.14789582,NA,15.14789582,0.945184953,1,1.639005254
12.12785205,17.66848832,12.12785205,12.12785205,NA,0.43370215,0,5.106934121
11.91568298,15.26991331,15.26991331,NA,15.26991331,1.005159218,1,2.349071116
10.52910074,11.57877956,10.52910074,10.52910074,NA,-0.390118664,0,1.439797484
10.53747959,11.66383144,10.53747959,10.53747959,NA,0.376370292,0,0.749981552
10.86396959,10.91302239,10.86396959,10.86396959,NA,0.244164924,0,-0.19511212
9.046254,11.17357555,9.046254,9.046254,NA,-1.426257342,0,3.553578891
16.30721756,22.02495891,22.02495891,NA,22.02495891,1.778429287,1,3.939312066
10.1476689,13.99809337,10.1476689,10.1476689,NA,0.134447661,0,3.715976816
10.48025118,14.30366305,10.48025118,10.48025118,NA,0.765598999,0,3.057812871
11.87851297,15.26541707,11.87851297,11.87851297,NA,0.955136677,0,2.431767415
9.518326201,11.85421021,9.518326201,9.518326201,NA,-0.050565701,0,2.386449714
10.17656001,14.86322396,10.17656001,10.17656001,NA,-0.30581542,0,4.992479366
11.68175895,13.90702615,11.68175895,11.68175895,NA,0.893673702,0,1.331593494
9.745219939,9.683330864,9.745219939,9.745219939,NA,-1.047298149,0,0.985409074
11.9972296,16.58597537,16.58597537,NA,16.58597537,1.971337386,1,2.617408387
8.218976629,8.955067393,8.218976629,8.218976629,NA,-0.383632106,0,1.11972287
14.04879101,15.79138489,14.04879101,14.04879101,NA,1.654145302,0,0.088448581
12.49360484,14.66047417,14.66047417,NA,14.66047417,1.512212694,1,0.654656634
9.202037943,12.03899389,9.202037943,9.202037943,NA,0.082965734,0,2.753990214
9.777058962,15.19432452,15.19432452,NA,15.19432452,0.567220915,1,4.850044646
7.910818995,11.2245213,11.2245213,NA,11.2245213,-1.02454848,1,4.338250789
11.07497116,11.73966181,11.73966181,NA,11.73966181,0.323006503,1,0.341684155
11.03814328,14.34755375,11.03814328,11.03814328,NA,1.043612458,0,2.265798013
11.49046389,16.63741238,11.49046389,11.49046389,NA,0.099078487,0,5.047869997
9.562639265,13.22209425,9.562639265,9.562639265,NA,-0.454136909,0,4.113591891
9.212208011,11.98111587,9.212208011,9.212208011,NA,-0.655781852,0,3.424689709
9.930596637,12.20923817,9.930596637,9.930596637,NA,-0.035922423,0,2.314563955
11.30616486,16.2100615,11.30616486,11.30616486,NA,1.069161461,0,3.834735179
9.106358457,12.25296297,9.106358457,9.106358457,NA,-0.48397493,0,3.630579444
10.97496341,12.56371657,10.97496341,10.97496341,NA,-0.121010111,0,1.709763266
6.720025985,6.232635813,6.720025985,6.720025985,NA,-1.294140004,0,0.806749831
11.82823803,13.88791483,11.82823803,11.82823803,NA,0.494312836,0,1.565363966
11.61116808,12.76499409,12.76499409,NA,12.76499409,1.30790152,1,-0.154075519
12.98028476,17.79336014,12.98028476,12.98028476,NA,1.497041009,0,3.316034374
11.16363961,13.82052014,11.16363961,11.16363961,NA,0.814702731,0,1.842177793
5.84950391,2.477689355,5.84950391,5.84950391,NA,-1.86978879,0,-1.502025765
11.06994953,11.90638123,11.90638123,NA,11.90638123,0.482029504,1,0.354402199
10.04579876,13.08122451,13.08122451,NA,13.08122451,0.456135603,1,2.579290151
10.59429193,13.77227036,13.77227036,NA,13.77227036,-0.353400286,1,3.531378724
9.428001176,12.16124294,12.16124294,NA,12.16124294,0.170489471,1,2.562752297
6.916165931,6.340787526,6.916165931,6.916165931,NA,-0.864035954,0,0.288657549
10.16483616,11.71651924,11.71651924,NA,11.71651924,0.679230774,1,0.872452311
8.937325756,15.20701058,8.937325756,8.937325756,NA,-0.327101015,0,6.596785839
6.820446044,9.406570827,9.406570827,NA,9.406570827,-1.569082185,1,4.155206968
9.211239772,11.32762214,11.32762214,NA,11.32762214,-0.367450756,1,2.483833122
11.4513259,14.6545335,14.6545335,NA,14.6545335,1.364434929,1,1.838772672
9.087835758,10.67625514,9.087835758,9.087835758,NA,-0.334281365,0,1.922700745
11.4271165,15.34452768,15.34452768,NA,15.34452768,0.732750042,1,3.184661134
10.25623185,12.87595918,12.87595918,NA,12.87595918,0.94658564,1,1.673141686
10.76677572,11.95442086,10.76677572,10.76677572,NA,0.004398704,0,1.183246432
9.468960706,10.70476791,9.468960706,9.468960706,NA,-0.352322306,0,1.588129512
9.167228965,10.67896931,10.67896931,NA,10.67896931,-0.529695509,1,2.041435851
9.073146418,13.26725147,13.26725147,NA,13.26725147,0.739589226,1,3.454515826
8.103584797,5.741017641,5.741017641,NA,5.741017641,-1.063457415,1,-1.299109741
9.813670161,14.9820217,14.9820217,NA,14.9820217,0.246210844,1,4.922140697
10.41304637,12.39332683,10.41304637,10.41304637,NA,-0.289499367,0,2.269779828
7.993486476,8.351182265,7.993486476,7.993486476,NA,-2.264889356,0,2.622585145
9.117970531,10.67938083,9.117970531,9.117970531,NA,-1.408850456,0,2.970260755
10.26069153,12.19571088,12.19571088,NA,12.19571088,0.916019329,1,1.019000023
8.917027682,9.045824532,8.917027682,8.917027682,NA,-0.191278951,0,0.320075801
11.11540495,12.41157028,12.41157028,NA,12.41157028,0.803283216,1,0.492882115
11.77155481,16.50918208,16.50918208,NA,16.50918208,1.887474463,1,2.850152812
10.60650958,15.03158286,10.60650958,10.60650958,NA,1.473881181,0,2.951192104
11.8072534,12.66946796,12.66946796,NA,12.66946796,0.677268492,1,0.184946062
10.63810056,12.87867962,10.63810056,10.63810056,NA,0.379962687,0,1.860616375
10.32519836,9.914786317,10.32519836,10.32519836,NA,-0.192798426,0,-0.217613616
11.16376994,15.32348274,11.16376994,11.16376994,NA,1.577891795,0,2.581821002
10.55389633,12.38419223,12.38419223,NA,12.38419223,0.596234109,1,1.234061794
7.068385954,6.690602376,7.068385954,7.068385954,NA,-1.173576941,0,0.795793363
8.93712143,11.19592998,8.93712143,8.93712143,NA,-0.155642535,0,2.414451087
7.350847311,9.13722537,7.350847311,7.350847311,NA,-1.91890982,0,3.705287879
8.892118813,8.160617806,8.892118813,8.892118813,NA,-0.195258846,0,-0.53624216
5.11806298,3.770533897,5.11806298,5.11806298,NA,-2.59232767,0,1.244798587
10.66483479,16.86143996,10.66483479,10.66483479,NA,1.314002167,0,4.882603001
7.612463727,9.825987786,9.825987786,NA,9.825987786,-0.635543001,1,2.849067061
8.492183809,13.990419,13.990419,NA,13.990419,-0.429978839,1,5.928214031
11.44982171,11.1817322,11.44982171,11.44982171,NA,-0.169318332,0,-0.098771169
10.26269466,13.10596845,10.26269466,10.26269466,NA,0.612218174,0,2.231055611
9.90434164,11.21252807,9.90434164,9.90434164,NA,0.678340177,0,0.629846249
9.446422512,13.80088194,9.446422512,9.446422512,NA,0.567951972,0,3.786507458
8.990542407,12.42364589,8.990542407,8.990542407,NA,-0.572542604,0,4.005646085
7.561056203,8.888414891,8.888414891,NA,8.888414891,-1.363291256,1,2.690649944
9.668985953,13.7965551,13.7965551,NA,13.7965551,-0.388722244,1,4.516291393
10.13416476,13.86244685,10.13416476,10.13416476,NA,0.277914132,0,3.450367956
9.63304593,8.645992883,9.63304593,9.63304593,NA,-0.823081122,0,-0.163971926
10.61682972,12.15176141,10.61682972,10.61682972,NA,-0.068840934,0,1.603772623
9.304576112,11.67219258,9.304576112,9.304576112,NA,-1.167662326,0,3.535278793
10.23103854,8.770416557,10.23103854,10.23103854,NA,-0.008309014,0,-1.452312968
11.30764576,13.91980753,13.91980753,NA,13.91980753,0.128855402,1,2.483306361
9.704633844,10.90182711,9.704633844,9.704633844,NA,-0.145875628,0,1.343068894
10.68705862,11.88832899,10.68705862,10.68705862,NA,-0.163910957,0,1.365181328
12.48734627,14.58770933,12.48734627,12.48734627,NA,1.763552003,0,0.336811066
10.46237025,13.77848555,10.46237025,10.46237025,NA,0.762586512,0,2.553528785
10.44704553,13.96664809,13.96664809,NA,13.96664809,1.111431081,1,2.408171476
7.906276579,9.867919658,9.867919658,NA,9.867919658,-0.923206953,1,2.884850032
9.49783316,12.22015645,9.49783316,9.49783316,NA,0.164341838,0,2.557981451
12.30831531,16.13210224,16.13210224,NA,16.13210224,1.154825187,1,2.668961748
9.863118399,12.59686963,12.59686963,NA,12.59686963,-0.056521425,1,2.790272659
6.175621854,5.074159869,6.175621854,6.175621854,NA,-2.129360648,0,1.027898663
9.618932578,13.49653394,9.618932578,9.618932578,NA,0.344845762,0,3.532755603
8.655252707,10.39164269,8.655252707,8.655252707,NA,-1.904955446,0,3.641345429
8.546495478,9.851284298,8.546495478,8.546495478,NA,-0.811170153,0,2.115958974
10.73720306,13.64925007,13.64925007,NA,13.64925007,1.324004321,1,1.588042687
10.49344594,13.22198995,13.22198995,NA,13.22198995,0.615636849,1,2.112907166
11.73080287,16.27825052,16.27825052,NA,16.27825052,1.091668956,1,3.455778695
11.29294838,12.81756796,12.81756796,NA,12.81756796,0.306604862,1,1.218014715
9.749829378,12.88966758,9.749829378,9.749829378,NA,-0.110158762,0,3.249996963
8.725383879,10.85894232,8.725383879,8.725383879,NA,-0.924312773,0,3.057871212
11.34993469,11.86109079,11.34993469,11.34993469,NA,1.592913754,0,-1.081757651
10.86393871,11.88257515,11.88257515,NA,11.88257515,0.045010598,1,0.973625839
9.027210775,8.417225752,8.417225752,NA,8.417225752,-0.715128401,1,0.105143378
12.0347944,16.63443427,16.63443427,NA,16.63443427,0.8652231,1,3.734416766
13.15854277,14.66070524,14.66070524,NA,14.66070524,1.074440958,1,0.427721508
13.02240313,16.27973469,13.02240313,13.02240313,NA,1.895654774,0,1.361676783
8.812957453,9.857650457,9.857650457,NA,9.857650457,-0.602997304,1,1.647690308
8.64639949,12.0409653,12.0409653,NA,12.0409653,-0.390867821,1,3.785433632
8.799262712,11.19411127,8.799262712,8.799262712,NA,-0.416222032,0,2.811070584
8.521658026,10.01210384,8.521658026,8.521658026,NA,-0.375657423,0,1.866103237
9.819964543,10.38507972,9.819964543,9.819964543,NA,-0.366630946,0,0.931746123
8.088799458,10.54943873,10.54943873,NA,10.54943873,-0.295677453,1,2.756316728
10.41736864,13.69922445,13.69922445,NA,13.69922445,1.44182041,1,1.840035402
8.286310758,5.713232673,8.286310758,8.286310758,NA,-0.697538292,0,-1.875539794
10.50202775,13.54215956,13.54215956,NA,13.54215956,-0.388167506,1,3.428299319
11.10163632,14.46616669,11.10163632,11.10163632,NA,0.652536452,0,2.711993918
11.19290928,13.65349406,11.19290928,11.19290928,NA,1.124772447,0,1.335812342
9.511421979,10.97445133,10.97445133,NA,10.97445133,-0.772110803,1,2.235140154
8.886391822,9.255210317,8.886391822,8.886391822,NA,-0.508086216,0,0.876904711
10.67045048,16.23801302,16.23801302,NA,16.23801302,0.52362059,1,5.043941949
11.59961828,14.78887432,14.78887432,NA,14.78887432,1.017754227,1,2.171501811
10.71202773,14.54313956,10.71202773,10.71202773,NA,-0.251164588,0,4.082276422
9.147578567,11.75231125,9.147578567,9.147578567,NA,-1.429993447,0,4.034726134
13.84619284,16.48674136,13.84619284,13.84619284,NA,1.709121032,0,0.931427487
13.13166048,15.53153656,15.53153656,NA,15.53153656,1.435069572,1,0.96480651
9.263913065,10.96491013,9.263913065,9.263913065,NA,-0.710371146,0,2.411368211
11.78203436,13.14578684,11.78203436,11.78203436,NA,-0.065067574,0,1.428820054
9.403695928,11.31797035,9.403695928,9.403695928,NA,-1.759468735,0,3.673743162
12.18316083,15.01140908,12.18316083,12.18316083,NA,0.569722972,0,2.258525281
12.19885155,16.58004512,16.58004512,NA,16.58004512,1.612346798,1,2.768846773
6.504031598,4.21594579,6.504031598,6.504031598,NA,-1.637280647,0,-0.65080516
9.023597013,9.238693353,9.023597013,9.023597013,NA,-0.779568513,0,0.994664853
8.482998347,10.25725084,10.25725084,NA,10.25725084,-0.641176934,1,2.415429421
9.253293799,11.22011407,9.253293799,9.253293799,NA,-0.681131394,0,2.647951664
6.399558201,4.924935273,6.399558201,6.399558201,NA,-2.033285596,0,0.558662668
11.67270523,14.21481464,14.21481464,NA,14.21481464,0.500963559,1,2.041145849
9.891758782,9.805558011,9.891758782,9.891758782,NA,-1.53179814,0,1.445597369
10.92649833,14.11326435,10.92649833,10.92649833,NA,-0.024997639,0,3.211763657
11.63129556,14.67057939,11.63129556,11.63129556,NA,0.592984721,0,2.446299107
9.740063433,11.57645155,9.740063433,9.740063433,NA,-0.198195421,0,2.034583542
13.51884627,18.06372636,18.06372636,NA,18.06372636,0.892008392,1,3.652871692
9.88184219,11.61304688,9.88184219,9.88184219,NA,-0.025715071,0,1.756919759
10.40480435,11.88696098,11.88696098,NA,11.88696098,-0.647660451,1,2.129817082
12.5448558,15.21671207,15.21671207,NA,15.21671207,0.646359415,1,2.025496853
9.509627868,11.30105377,11.30105377,NA,11.30105377,-0.43383274,1,2.225258644
9.405696705,13.90267969,9.405696705,9.405696705,NA,1.772611185,0,2.724371799
9.642679946,12.94833283,9.642679946,9.642679946,NA,-0.018259711,0,3.323912592
11.73631232,15.06301455,15.06301455,NA,15.06301455,0.852814994,1,2.473887243
9.003640597,11.55116106,9.003640597,9.003640597,NA,0.205162903,0,2.342357562
4.196753663,3.026128483,3.026128483,NA,3.026128483,-3.008048599,1,1.837423419
8.857211835,11.1486914,11.1486914,NA,11.1486914,-1.366111931,1,3.657591495
6.567885115,9.0268615,6.567885115,6.567885115,NA,-0.42410226,0,2.883078645
10.58876607,12.35099564,10.58876607,10.58876607,NA,0.236803664,0,1.525425914
6.216879381,6.423691209,6.216879381,6.216879381,NA,-2.34272312,0,2.549534948
10.7839999,12.60406219,12.60406219,NA,12.60406219,0.961696633,1,0.858365663
9.156707192,9.970841994,9.970841994,NA,9.970841994,-0.604425734,1,1.418560536
8.92516092,6.646079131,8.92516092,8.92516092,NA,-0.752877279,0,-1.52620451
7.913591935,7.21003056,7.913591935,7.913591935,NA,-1.555611593,0,0.852050218
7.943194941,9.182552479,9.182552479,NA,9.182552479,-1.453893738,1,2.693251276
9.549241054,14.8664266,9.549241054,9.549241054,NA,0.056331836,0,5.260853707
11.0225367,10.47683075,11.0225367,11.0225367,NA,0.509369407,0,-1.055075355
8.240884428,8.380957818,8.240884428,8.240884428,NA,-2.09788296,0,2.237956349
9.160627477,9.021343326,9.160627477,9.160627477,NA,-1.004361979,0,0.865077829
12.30070704,14.52053077,12.30070704,12.30070704,NA,0.535771722,0,1.684052009
9.04556397,11.7269245,11.7269245,NA,11.7269245,-0.453037085,1,3.134397618
13.8311286,16.49689538,13.8311286,13.8311286,NA,2.165368502,0,0.500398278
12.37197854,14.20210842,12.37197854,12.37197854,NA,1.245746673,0,0.584383213
10.14999937,12.6973008,12.6973008,NA,12.6973008,0.595498034,1,1.951803396
9.190449089,8.923579791,9.190449089,9.190449089,NA,0.00488445,0,-0.271753747
12.28932485,12.14013386,12.28932485,12.28932485,NA,0.279360782,0,-0.42855178
8.113887768,8.825661021,8.113887768,8.113887768,NA,-0.705906125,0,1.417679378
11.89273842,13.95285111,13.95285111,NA,13.95285111,0.628017153,1,1.432095534
11.95414859,13.04178955,13.04178955,NA,13.04178955,1.48021396,1,-0.392572996
10.52606268,11.9460876,10.52606268,10.52606268,NA,1.08342991,0,0.33659501
7.245916072,8.51592283,7.245916072,7.245916072,NA,-0.813244257,0,2.083251015
6.365374867,4.68756961,6.365374867,6.365374867,NA,-1.618876849,0,-0.058928407
7.885491178,11.83280906,7.885491178,7.885491178,NA,-0.109655699,0,4.056973579
9.777294027,9.129630827,9.777294027,9.777294027,NA,0.440889371,0,-1.08855257
12.99989695,14.8636027,14.8636027,NA,14.8636027,1.35099398,1,0.512711766
7.441114457,8.500405814,7.441114457,7.441114457,NA,-1.318609485,0,2.377900841
12.28334427,13.05181122,13.05181122,NA,13.05181122,0.364384593,1,0.404082356
10.17757443,12.08572089,10.17757443,10.17757443,NA,0.233499835,0,1.674646618
10.85294036,12.78952216,12.78952216,NA,12.78952216,1.193955261,1,0.74262654
9.673541382,12.63379185,9.673541382,9.673541382,NA,-0.027909972,0,2.988160445
8.875033617,11.19574608,8.875033617,8.875033617,NA,-0.357298855,0,2.678011321
7.83584737,9.888978923,7.83584737,7.83584737,NA,-1.146814136,0,3.199945689
9.283865848,11.3135384,11.3135384,NA,11.3135384,-0.517420484,1,2.547093033
9.53904729,14.30584278,9.53904729,9.53904729,NA,-0.362123773,0,5.128919261
14.28422901,18.52755605,14.28422901,14.28422901,NA,2.350554326,0,1.892772717
14.20946005,18.95949875,18.95949875,NA,18.95949875,2.446531376,1,2.303507324
10.52659273,10.0652365,10.52659273,10.52659273,NA,-0.166703279,0,-0.294652951
8.566670506,9.015870849,8.566670506,8.566670506,NA,-1.043667439,0,1.492867782
6.233732299,7.692001908,6.233732299,6.233732299,NA,-1.972934934,0,3.431204543
11.22135754,13.85879295,11.22135754,11.22135754,NA,0.514671633,0,2.122763784
8.776781081,12.24823452,12.24823452,NA,12.24823452,-1.090573584,1,4.562027025
13.02337494,20.31711382,20.31711382,NA,20.31711382,2.284659326,1,5.009079557
8.283485364,8.21598577,8.21598577,NA,8.21598577,-0.885617573,1,0.818117979
11.26184739,10.35758004,10.35758004,NA,10.35758004,0.11110643,1,-1.015373781
17.05589506,24.57073251,17.05589506,17.05589506,NA,3.810276681,0,3.704560769
8.45104055,12.13974622,8.45104055,8.45104055,NA,-1.108909998,0,4.797615667
10.06908532,13.9135782,13.9135782,NA,13.9135782,0.307566624,1,3.536926254
9.992016135,10.5665423,10.5665423,NA,10.5665423,-1.106894472,1,1.681420641
9.277782864,11.94199094,11.94199094,NA,11.94199094,0.347653649,1,2.316554427
7.778177327,9.574026193,7.778177327,7.778177327,NA,-0.873264535,0,2.669113402
10.96599816,13.8242008,10.96599816,10.96599816,NA,0.077303123,0,2.780899517
8.629384042,10.89885828,8.629384042,8.629384042,NA,-0.296868642,0,2.566342877
9.118717854,8.9999874,9.118717854,9.118717854,NA,-1.18324224,0,1.064511787
9.075929295,10.2283062,9.075929295,9.075929295,NA,0.011292688,0,1.141084212
12.02635365,15.48670641,15.48670641,NA,15.48670641,0.991601036,1,2.46875173
12.20897678,14.74180249,14.74180249,NA,14.74180249,1.593967454,1,0.93885825
8.832700689,10.24179465,8.832700689,8.832700689,NA,-1.372711271,0,2.781805228
10.95479181,13.37746284,10.95479181,10.95479181,NA,-0.249610933,0,2.672281971
11.63567067,14.03711128,11.63567067,11.63567067,NA,1.159424527,0,1.242016091
8.943731089,9.519590511,8.943731089,8.943731089,NA,-1.114222348,0,1.69008177
4.407476571,3.923396912,4.407476571,4.407476571,NA,-2.528500689,0,2.044421029
8.333441021,12.47605469,12.47605469,NA,12.47605469,-0.935902559,1,5.078516229
7.338998936,7.218923078,7.338998936,7.338998936,NA,-0.967239458,0,0.847163599
10.27571014,11.47531056,11.47531056,NA,11.47531056,0.047488592,1,1.152111831
9.380400705,13.47665902,9.380400705,9.380400705,NA,-0.403736793,0,4.499995112
10.11204335,10.03293797,10.03293797,NA,10.03293797,0.231496128,1,-0.310601511
9.178122734,12.47331952,12.47331952,NA,12.47331952,-0.422372408,1,3.71756919
11.51246066,11.54365471,11.51246066,11.51246066,NA,0.374118395,0,-0.342924346
9.296976552,11.63780316,11.63780316,NA,11.63780316,-0.366005775,1,2.706832382
13.63939667,16.88313968,13.63939667,13.63939667,NA,1.190101447,0,2.053641556
6.989841358,7.724738484,7.724738484,NA,7.724738484,-0.737327525,1,1.472224652
10.79529967,11.67033382,11.67033382,NA,11.67033382,0.290666645,1,0.5843675
10.78726059,12.45347595,10.78726059,10.78726059,NA,-0.884849568,0,2.551064924
9.176260731,8.586059642,9.176260731,9.176260731,NA,0.208006479,0,-0.798207569
9.132148755,11.25024949,11.25024949,NA,11.25024949,-0.047730172,1,2.165830905
7.075649581,6.661184022,7.075649581,7.075649581,NA,-1.684520646,0,1.270055087
9.875384207,13.52745584,13.52745584,NA,13.52745584,-0.144226557,1,3.796298188
11.53162642,16.98108873,16.98108873,NA,16.98108873,1.180213666,1,4.269248643
10.56013752,12.15138734,10.56013752,10.56013752,NA,0.681399923,0,0.909849894
12.14121205,13.91266764,12.14121205,12.14121205,NA,0.143247631,0,1.62820795
8.333580149,9.342907489,9.342907489,NA,9.342907489,-1.192316444,1,2.201643784
12.84589356,17.64309901,12.84589356,12.84589356,NA,1.169228653,0,3.627976798
7.146545088,11.16996567,11.16996567,NA,11.16996567,0.079201709,1,3.944218876
10.45082842,13.9304996,10.45082842,10.45082842,NA,-0.451773753,0,3.931444934
13.77504245,16.90901528,13.77504245,13.77504245,NA,1.642028213,0,1.491944618
8.363003545,10.49985604,10.49985604,NA,10.49985604,-0.769592322,1,2.906444813
10.23018244,13.91469452,13.91469452,NA,13.91469452,0.303360961,1,3.381151111
13.59037144,19.33925448,13.59037144,13.59037144,NA,1.281737421,0,4.467145615
10.94455273,12.2173981,12.2173981,NA,12.2173981,0.602222795,1,0.670622575
10.57764145,15.52936938,10.57764145,10.57764145,NA,-0.307022265,0,5.258750194
9.960015778,12.61387913,9.960015778,9.960015778,NA,-0.418418103,0,3.072281452
10.37440372,14.2856581,10.37440372,10.37440372,NA,0.35513553,0,3.556118857
10.47813626,11.37825993,11.37825993,NA,11.37825993,0.513481115,1,0.386642554
8.608012137,9.915236633,8.608012137,8.608012137,NA,0.0186074,0,1.288617095
9.839355433,13.05308553,9.839355433,9.839355433,NA,1.318448972,0,1.895281129
9.878751895,10.6691351,9.878751895,9.878751895,NA,-0.065832,0,0.856215209
9.219326836,9.660116203,9.219326836,9.219326836,NA,-0.700296078,0,1.141085445
10.3030198,11.14880795,11.14880795,NA,11.14880795,0.537326132,1,0.308462017
7.328133907,7.310441396,7.328133907,7.328133907,NA,-2.201782322,0,2.184089811
11.06252582,15.29768387,15.29768387,NA,15.29768387,0.391973744,1,3.843184301
10.40478237,12.02038379,12.02038379,NA,12.02038379,0.496960952,1,1.118640472
9.712289486,8.728662601,9.712289486,9.712289486,NA,-0.224874715,0,-0.75875217
9.619548443,11.24914449,9.619548443,9.619548443,NA,-1.117143165,0,2.746739208
9.7221323,12.08686017,9.7221323,9.7221323,NA,-0.394994603,0,2.759722474
13.12631802,17.46155497,13.12631802,13.12631802,NA,1.549830342,0,2.785406608
9.370787177,11.56469756,9.370787177,9.370787177,NA,-0.74351448,0,2.937424863
8.22799288,3.424998593,8.22799288,8.22799288,NA,-2.331712118,0,-2.471282169
11.32080102,16.96343655,16.96343655,NA,16.96343655,0.812245442,1,4.830390079
8.258196939,10.44670667,8.258196939,8.258196939,NA,-0.501310657,0,2.689820391
8.773228942,10.84948384,10.84948384,NA,10.84948384,-0.510886566,1,2.587141459
8.41461543,7.418371117,8.41461543,8.41461543,NA,-1.215364041,0,0.219119727
9.696764793,12.3406915,9.696764793,9.696764793,NA,-0.022558628,0,2.666485339
10.88230488,12.45262819,12.45262819,NA,12.45262819,0.7012393,1,0.869084004
9.783645935,11.51268104,9.783645935,9.783645935,NA,-0.587482026,0,2.316517135
8.314357173,9.502501111,8.314357173,8.314357173,NA,-0.606727941,0,1.79487188
9.725699191,12.8422054,9.725699191,9.725699191,NA,1.096640215,0,2.019865992
11.64806802,14.42071673,11.64806802,11.64806802,NA,-0.247509677,0,3.020158381
10.19535794,11.95186818,11.95186818,NA,11.95186818,-0.159901713,1,1.91641195
10.11150146,10.73707618,10.11150146,10.11150146,NA,-0.625778251,0,1.251352972
11.03853711,12.698581,11.03853711,11.03853711,NA,0.900434636,0,0.759609255
8.602327173,9.173385564,8.602327173,8.602327173,NA,-0.994193629,0,1.56525202
9.120687828,11.23112926,9.120687828,9.120687828,NA,0.849250386,0,1.261191044
11.5665465,15.83491402,11.5665465,11.5665465,NA,0.805702289,0,3.462665223
9.766463407,11.4458016,9.766463407,9.766463407,NA,-0.467600936,0,2.146939131
10.36594164,12.46862131,10.36594164,10.36594164,NA,0.848420314,0,1.254259361
10.95080488,14.5724426,10.95080488,10.95080488,NA,0.986769864,0,2.634867857
12.20700715,14.00377772,12.20700715,12.20700715,NA,0.575620289,0,1.221150283
13.50669712,20.41020632,13.50669712,13.50669712,NA,2.024842045,0,4.878667145
6.803365125,4.973904411,6.803365125,6.803365125,NA,-1.962353191,0,0.132892476
8.621722319,9.216141395,8.621722319,8.621722319,NA,-1.164920931,0,1.759340006
6.588513989,8.744366089,6.588513989,6.588513989,NA,-1.376519214,0,3.532371314
11.42345533,12.64188896,11.42345533,11.42345533,NA,0.167679934,0,1.050753703
10.46820727,13.74768408,13.74768408,NA,13.74768408,1.584629079,1,1.694847732
11.51244262,15.80724888,15.80724888,NA,15.80724888,1.677888953,1,2.616917306
11.40913256,12.37555863,11.40913256,11.40913256,NA,0.488296698,0,0.478129368
12.47033164,16.84643641,16.84643641,NA,16.84643641,0.878673263,1,3.497431506
8.049927771,7.45661804,7.45661804,NA,7.45661804,-0.144874874,1,-0.448434857
11.3047665,13.42249644,13.42249644,NA,13.42249644,0.46897176,1,1.648758182
10.90600353,10.79957475,10.90600353,10.90600353,NA,0.376235477,0,-0.482664252
8.823158578,8.811912121,8.811912121,NA,8.811912121,-0.761040275,1,0.749793817
8.93389258,14.10392267,8.93389258,8.93389258,NA,-0.293294934,0,5.463325026
8.941766894,10.41159219,8.941766894,8.941766894,NA,-0.134841264,0,1.604666557
12.24254657,18.63205514,12.24254657,12.24254657,NA,1.393845816,0,4.995662754
9.650889659,10.24963801,9.650889659,9.650889659,NA,-1.03698869,0,1.635737043
5.339919395,4.393474928,5.339919395,5.339919395,NA,-2.114335148,0,1.16789068
10.1020432,12.07610656,12.07610656,NA,12.07610656,0.768278218,1,1.205785137
10.41363319,12.65457604,10.41363319,10.41363319,NA,-0.816160621,0,3.057103473
8.138505434,8.294069822,8.138505434,8.138505434,NA,-0.436106923,0,0.591671311
8.730902462,12.94850669,12.94850669,NA,12.94850669,0.904705031,1,3.3128992
8.872833869,8.993197037,8.872833869,8.872833869,NA,-0.763086265,0,0.883449432
9.832593558,14.0851358,9.832593558,9.832593558,NA,-0.34106698,0,4.593609219
12.26635664,14.54629276,14.54629276,NA,14.54629276,1.502424534,1,0.777511583
9.919011435,9.911969671,9.911969671,NA,9.911969671,0.528307712,1,-0.535349476
11.15608732,15.93469537,11.15608732,11.15608732,NA,0.542191355,0,4.236416694
9.617602212,12.53637847,9.617602212,9.617602212,NA,-0.136673356,0,3.055449612
9.216332475,8.635558251,9.216332475,9.216332475,NA,-1.136733853,0,0.55595963
8.056003671,6.763071028,8.056003671,8.056003671,NA,-1.496627154,0,0.203694512
10.35830829,12.13360651,10.35830829,10.35830829,NA,-0.223385644,0,1.998683866
13.32805075,18.38128228,13.32805075,13.32805075,NA,2.001719228,0,3.051512305
10.74060675,12.59129873,10.74060675,10.74060675,NA,0.221703816,0,1.628988165
11.00640162,13.16135946,13.16135946,NA,13.16135946,0.164372909,1,1.990584935
8.211781893,10.76140107,10.76140107,NA,10.76140107,0.332623609,1,2.216995564
9.940026263,12.35348744,9.940026263,9.940026263,NA,-0.385207999,0,2.798669177
6.554632702,5.391824898,6.554632702,6.554632702,NA,-1.398754027,0,0.235946223
14.37677105,22.77799295,22.77799295,NA,22.77799295,2.675740796,1,5.725481102
10.67922343,10.25803375,10.67922343,10.67922343,NA,-0.423686089,0,0.002496406
9.103791821,8.764037815,9.103791821,9.103791821,NA,-0.298601512,0,-0.041152494
6.503322941,6.35834253,6.503322941,6.503322941,NA,-1.792341727,0,1.647361316
9.541719163,11.15937846,11.15937846,NA,11.15937846,-0.248008225,1,1.865667526
11.21446839,13.26840758,11.21446839,11.21446839,NA,-0.247303918,0,2.301243107
9.71779188,11.06423349,11.06423349,NA,11.06423349,-0.255510379,1,1.601951987
7.468355062,7.516396287,7.468355062,7.468355062,NA,-1.7869381,0,1.834979325
12.13055956,15.59454814,12.13055956,12.13055956,NA,1.784662816,0,1.679325767
12.11770393,17.01521266,17.01521266,NA,17.01521266,1.763586348,1,3.133922383
10.89452877,13.35128944,10.89452877,10.89452877,NA,0.689600222,0,1.767160442
6.759477619,7.279226926,7.279226926,NA,7.279226926,-1.100740644,1,1.620489952
12.3058682,12.54342224,12.54342224,NA,12.54342224,0.714509357,1,-0.476955316
9.294839676,8.40907934,8.40907934,NA,8.40907934,-0.246470317,1,-0.639290019
7.519318244,8.610353082,7.519318244,7.519318244,NA,-0.319786166,0,1.410821004
12.02650804,13.98438022,12.02650804,12.02650804,NA,1.362644293,0,0.595227893
7.917209219,6.041466041,7.917209219,7.917209219,NA,-1.22788259,0,-0.647860589
7.441181752,6.290995346,7.441181752,7.441181752,NA,-0.511219233,0,-0.638967173
10.95289901,13.30542731,10.95289901,10.95289901,NA,-0.731194999,0,3.083723292
8.912410399,11.09101688,8.912410399,8.912410399,NA,0.019752007,0,2.158854478
6.287154583,7.299496173,7.299496173,NA,7.299496173,-1.572863915,1,2.585205504
9.396302406,8.227023979,9.396302406,9.396302406,NA,-0.70333327,0,-0.465945157
12.10712556,13.84083572,12.10712556,12.10712556,NA,0.715932089,0,1.017778068
10.50193666,12.83343745,12.83343745,NA,12.83343745,0.465214906,1,1.866285878
8.766456927,8.758437421,8.758437421,NA,8.758437421,-0.973902306,1,0.9658828
9.736626846,12.50944215,12.50944215,NA,12.50944215,0.55921773,1,2.213597577
7.30631775,6.068644323,7.30631775,7.30631775,NA,-2.432639745,0,1.194966318
9.802103056,13.59100163,9.802103056,9.802103056,NA,-0.340484927,0,4.129383498
11.17055551,14.67219505,14.67219505,NA,14.67219505,0.713033195,1,2.788606351
9.759559335,10.56051828,9.759559335,9.759559335,NA,-0.659037386,0,1.459996327
10.94435696,13.54628664,10.94435696,10.94435696,NA,-0.036402623,0,2.638332297
6.877555239,6.667334192,6.877555239,6.877555239,NA,-1.593286302,0,1.383065254
11.75258444,16.20676441,11.75258444,11.75258444,NA,0.847792797,0,3.60638718
6.234966419,7.954810831,7.954810831,NA,7.954810831,-1.850388849,1,3.570233261
11.7440831,12.87957099,11.7440831,11.7440831,NA,-0.323650632,0,1.459138525
10.07386443,11.44943549,10.07386443,10.07386443,NA,-0.255248113,0,1.630819167
10.0555664,16.06575362,10.0555664,10.0555664,NA,0.060921227,0,5.949265992
8.27431985,9.575138042,8.27431985,8.27431985,NA,-0.823491629,0,2.124309821
12.52402912,14.86313973,14.86313973,NA,14.86313973,1.829730485,1,0.509380126
6.753916316,7.839413885,6.753916316,6.753916316,NA,-1.429916216,0,2.515413785
10.44467619,12.77369721,10.44467619,10.44467619,NA,0.254137143,0,2.074883881
6.17386539,1.473118267,6.17386539,6.17386539,NA,-2.939773695,0,-1.760973427
9.490264867,11.98536764,9.490264867,9.490264867,NA,0.002415809,0,2.492686965
9.951946235,14.13623599,14.13623599,NA,14.13623599,0.509665571,1,3.674624183
6.743600093,7.063842157,6.743600093,6.743600093,NA,-1.084720001,0,1.404962065
11.62615517,16.21643819,11.62615517,11.62615517,NA,0.704832977,0,3.885450046
10.83024783,13.35100458,10.83024783,10.83024783,NA,0.33097635,0,2.189780394
11.25316865,15.84958877,11.25316865,11.25316865,NA,0.976327473,0,3.62009265
8.183892249,9.290732695,8.183892249,8.183892249,NA,-0.84333988,0,1.950180326
8.802491272,9.975163159,8.802491272,8.802491272,NA,-0.970579905,0,2.143251793
5.967492531,5.430515274,5.430515274,NA,5.430515274,-1.771531349,1,1.234554092
8.043540338,11.08399037,8.043540338,8.043540338,NA,-0.322470342,0,3.362920376
6.546589214,6.626514284,6.546589214,6.546589214,NA,-1.338800742,0,1.418725813
10.67094562,16.45068325,16.45068325,NA,16.45068325,0.688156028,1,5.091581601
10.89763094,12.31994462,10.89763094,10.89763094,NA,0.071280652,0,1.351033022
13.99928639,17.24455963,17.24455963,NA,17.24455963,2.189752359,1,1.055520881
7.698285084,7.369231302,7.698285084,7.698285084,NA,-1.157707599,0,0.828653817
13.1905464,16.54069073,16.54069073,NA,16.54069073,1.181688064,1,2.168456265
8.063190677,10.84172171,8.063190677,8.063190677,NA,-0.527368362,0,3.305899394
7.32224016,9.99531629,7.32224016,7.32224016,NA,-1.456628011,0,4.129704141
10.12639878,13.73847408,13.73847408,NA,13.73847408,0.57296737,1,3.039107929
8.009165523,5.183367904,8.009165523,8.009165523,NA,-1.433377705,0,-1.392419915
6.666029513,8.680913365,6.666029513,6.666029513,NA,-1.055185019,0,3.07006887
10.08516305,13.65617097,10.08516305,10.08516305,NA,-0.733111877,0,4.304119795
11.5233925,14.21215584,14.21215584,NA,14.21215584,0.210907264,1,2.477856081
9.479268236,5.668262195,5.668262195,NA,5.668262195,-0.998920727,1,-2.812085314
11.53478374,15.26765664,15.26765664,NA,15.26765664,1.077850323,1,2.655022576
9.357801849,9.238950851,9.238950851,NA,9.238950851,-1.198974383,1,1.080123385
10.81175189,12.9759484,12.9759484,NA,12.9759484,0.216637035,1,1.947559475
11.17347921,11.95735906,11.17347921,11.17347921,NA,0.14308703,0,0.640792819
8.579167235,8.742385117,8.579167235,8.579167235,NA,-1.065750091,0,1.228967973
9.649315765,11.44123903,11.44123903,NA,11.44123903,-0.428623411,1,2.220546678
6.9023901,6.230396468,6.9023901,6.9023901,NA,-0.656179477,0,-0.015814155
10.90104358,14.10563026,10.90104358,10.90104358,NA,0.959394327,0,2.245192353
13.34810454,16.08979334,13.34810454,13.34810454,NA,1.556052636,0,1.185636165
8.540074991,10.13380384,10.13380384,NA,10.13380384,-1.040796434,1,2.634525281
10.17715124,11.26030473,10.17715124,10.17715124,NA,0.930572409,0,0.152581079
8.928454311,12.51302158,8.928454311,8.928454311,NA,-0.075445931,0,3.660013203
6.493409492,6.605862999,6.493409492,6.493409492,NA,-1.967195349,0,2.079648856
10.98802045,7.428951721,10.98802045,10.98802045,NA,-0.755903643,0,-2.803165084
10.51213375,11.54242636,10.51213375,10.51213375,NA,0.461149161,0,0.569143445
9.572924538,11.41029866,11.41029866,NA,11.41029866,0.145106631,1,1.692267488
4.243949247,4.330327031,4.330327031,NA,4.330327031,-2.442311321,1,2.528689105
8.96860719,12.43330829,8.96860719,8.96860719,NA,0.580318685,0,2.884382416
12.20482827,17.22089093,12.20482827,12.20482827,NA,0.655051998,0,4.361010653
8.692016303,9.445889466,9.445889466,NA,9.445889466,-0.304508837,1,1.058382
10.55985053,13.15452977,13.15452977,NA,13.15452977,-0.707568233,1,3.302247465
12.62825522,14.37327208,12.62825522,12.62825522,NA,1.971572014,0,-0.226555154
7.538592452,8.84724484,8.84724484,NA,8.84724484,-0.089998681,1,1.398651069
12.17197212,13.19893334,13.19893334,NA,13.19893334,-0.014017252,1,1.040978475
7.232334618,8.433464252,7.232334618,7.232334618,NA,-1.123456937,0,2.324586571
7.477443848,6.24160728,6.24160728,NA,6.24160728,-1.344130123,1,0.108293555
7.8111853,11.26998256,7.8111853,7.8111853,NA,-1.523155771,0,4.981953032
9.246882426,12.29837137,9.246882426,9.246882426,NA,-0.42196821,0,3.473457152
10.52271907,13.4234131,10.52271907,10.52271907,NA,1.360924464,0,1.539769568
11.12010721,12.90415677,12.90415677,NA,12.90415677,1.753794845,1,0.030254717
13.74815203,15.95570002,15.95570002,NA,15.95570002,1.568364734,1,0.639183253
11.23671141,14.39443656,14.39443656,NA,14.39443656,1.29675557,1,1.860969574
10.47154398,8.478956103,10.47154398,10.47154398,NA,-0.237596251,0,-1.754991621
9.871530634,9.773191731,9.871530634,9.871530634,NA,-1.224150136,0,1.125811233
8.729114423,12.08254222,8.729114423,8.729114423,NA,-0.32781268,0,3.68124048
5.674425517,7.009651068,5.674425517,5.674425517,NA,-2.412450276,0,3.747675827
7.536408179,8.888738107,7.536408179,7.536408179,NA,-0.313792873,0,1.666122801
14.38969459,18.45728752,14.38969459,14.38969459,NA,1.659878705,0,2.407714229
9.440222715,10.20578282,10.20578282,NA,10.20578282,0.130953101,1,0.634607003
11.26587724,13.25008434,11.26587724,11.26587724,NA,1.095888683,0,0.88831841
9.370056634,11.21921795,11.21921795,NA,11.21921795,0.489340957,1,1.359820364
9.573592716,11.92070623,9.573592716,9.573592716,NA,-0.778910295,0,3.126023806
14.22631503,18.94386736,14.22631503,14.22631503,NA,1.743559353,0,2.973992986
10.10980652,11.35897589,10.10980652,10.10980652,NA,-0.078387285,0,1.327556656
8.136153637,10.74972292,10.74972292,NA,10.74972292,-0.975553793,1,3.589123074
8.436409337,6.464112171,6.464112171,NA,6.464112171,0.070659825,1,-2.042956991
9.212801804,9.203463488,9.212801804,9.212801804,NA,-1.518599529,0,1.509261213
11.98715598,16.83043854,16.83043854,NA,16.83043854,0.863779033,1,3.979503528
10.7113751,15.55071056,10.7113751,10.7113751,NA,0.501568385,0,4.337767078
10.67217286,13.60834769,10.67217286,10.67217286,NA,-0.35478133,0,3.290956166
10.56587163,12.29064804,10.56587163,10.56587163,NA,-0.488428888,0,2.213205293
10.9422239,14.18206276,10.9422239,10.9422239,NA,0.936293947,0,2.303544911
7.180613673,7.367827263,7.180613673,7.180613673,NA,-1.062408386,0,1.249621977
9.487535447,8.777676795,9.487535447,9.487535447,NA,-0.983820872,0,0.27396222
11.32958304,12.84100338,12.84100338,NA,12.84100338,0.424247877,1,1.087172464
8.821636613,10.1497108,10.1497108,NA,10.1497108,-0.451313481,1,1.779387663
14.54159861,15.31294052,15.31294052,NA,15.31294052,0.925084797,1,-0.153742888
7.15296189,8.589582535,7.15296189,7.15296189,NA,-0.19862081,0,1.635241454
11.78413844,18.01903199,11.78413844,11.78413844,NA,1.194851017,0,5.040042536
11.8820977,12.85064623,11.8820977,11.8820977,NA,0.495544705,0,0.473003827
8.114617607,5.904680749,8.114617607,8.114617607,NA,-2.245152574,0,0.035215716
8.972787968,8.712740307,8.972787968,8.972787968,NA,-1.33537136,0,1.075323699
12.0725131,16.89191635,12.0725131,12.0725131,NA,1.282775206,0,3.536628042
11.82510261,13.26677452,11.82510261,11.82510261,NA,0.690795904,0,0.750875998
9.106987218,12.30304039,12.30304039,NA,12.30304039,-0.967062668,1,4.163115836
7.953915079,6.704292838,6.704292838,NA,6.704292838,-1.345793685,1,0.096171444
10.67342313,13.23562503,10.67342313,10.67342313,NA,1.033665389,0,1.528536515
9.998578781,10.26550565,9.998578781,9.998578781,NA,-0.81177646,0,1.078703327
12.35133841,15.3064991,12.35133841,12.35133841,NA,1.801725479,0,1.153435212
12.36291982,15.28711619,15.28711619,NA,15.28711619,1.77154196,1,1.152654409
8.071100755,4.009544832,8.071100755,8.071100755,NA,-1.45469137,0,-2.606864553
8.743016517,7.925663065,8.743016517,8.743016517,NA,-0.845654313,0,0.02830086
6.148496549,7.913601093,6.148496549,6.148496549,NA,-1.250479659,0,3.015584204
10.57460538,15.64056909,15.64056909,NA,15.64056909,0.667288068,1,4.398675643
8.676148029,7.916896436,8.676148029,8.676148029,NA,-1.290769688,0,0.531518095
8.178308801,7.497319473,8.178308801,8.178308801,NA,-2.035003538,0,1.354014211
11.76121268,13.34941139,11.76121268,11.76121268,NA,2.021346994,0,-0.433148286
10.85840457,12.89358461,10.85840457,10.85840457,NA,1.005973488,0,1.029206556
8.782519165,12.14115127,12.14115127,NA,12.14115127,0.817123601,1,2.541508507
10.00056617,10.15555297,10.00056617,10.00056617,NA,-0.663988284,0,0.81897508
9.988191682,12.37353211,9.988191682,9.988191682,NA,-0.011281231,0,2.396621664
11.72054065,14.16865052,14.16865052,NA,14.16865052,0.619677256,1,1.828432617
7.51495035,5.78750629,7.51495035,7.51495035,NA,-1.281238742,0,-0.446205319
10.02743421,10.42216246,10.42216246,NA,10.42216246,-0.124261326,1,0.518989574
11.24069515,10.74374339,11.24069515,11.24069515,NA,0.175741655,0,-0.672693412
12.30499959,14.32519838,12.30499959,12.30499959,NA,1.692773794,0,0.327424993
11.81185963,16.83372807,16.83372807,NA,16.83372807,0.642132717,1,4.379735721
12.57732044,14.69560423,12.57732044,12.57732044,NA,1.282233032,0,0.836050756
8.620250434,9.776658765,9.776658765,NA,9.776658765,0.140546974,1,1.015861357
8.640669108,8.080592945,8.640669108,8.640669108,NA,-1.112502683,0,0.55242652
7.004502352,9.785120361,7.004502352,7.004502352,NA,-0.339676972,0,3.12029498
7.224413934,8.576507599,7.224413934,7.224413934,NA,-1.664764639,0,3.016858304
10.84084388,15.71450003,15.71450003,NA,15.71450003,0.928851762,1,3.944804388
13.00128232,17.91715545,13.00128232,13.00128232,NA,1.416826835,0,3.499046286
10.19940253,11.4339754,11.4339754,NA,11.4339754,-0.062720778,1,1.297293652
7.931424449,9.807750556,9.807750556,NA,9.807750556,-0.980902336,1,2.857228444
11.47352177,15.19572567,11.47352177,11.47352177,NA,1.087150251,0,2.635053646
10.3931756,14.89041742,10.3931756,10.3931756,NA,0.139327027,0,4.357914795
8.407559839,10.38167268,8.407559839,8.407559839,NA,-0.386272098,0,2.360384935
11.00553473,14.60375425,11.00553473,11.00553473,NA,1.123585423,0,2.474634094
7.617537899,8.041436642,7.617537899,7.617537899,NA,-0.759845657,0,1.1837444
10.18841992,13.52135649,10.18841992,10.18841992,NA,1.148959103,0,2.183977471
8.211745598,10.8012828,10.8012828,NA,10.8012828,-0.842476259,1,3.432013461
10.56859263,15.19844332,15.19844332,NA,15.19844332,0.39141334,1,4.238437354
9.768918692,13.83417642,9.768918692,9.768918692,NA,0.891377242,0,3.173880483
8.464963605,9.927007222,8.464963605,8.464963605,NA,-1.335258713,0,2.79730233
9.929356353,13.17832895,9.929356353,9.929356353,NA,0.398123478,0,2.850849123
10.14370216,12.26728855,10.14370216,10.14370216,NA,-0.111586803,0,2.235173198
11.15616688,13.22780046,11.15616688,11.15616688,NA,0.675743917,0,1.395889662
8.443068376,9.767699148,8.443068376,8.443068376,NA,-0.788597935,0,2.113228708
7.924594123,8.033662346,8.033662346,NA,8.033662346,-0.086986334,1,0.196054558
10.4757447,13.2994518,13.2994518,NA,13.2994518,1.382284008,1,1.441423096
7.712077385,10.85915428,7.712077385,7.712077385,NA,0.168490164,0,2.978586733
12.59683367,16.34553986,12.59683367,12.59683367,NA,0.823190948,0,2.925515236
9.3079921,10.41638825,10.41638825,NA,10.41638825,-0.220894598,1,1.329290745
10.39230983,11.60063967,10.39230983,10.39230983,NA,-1.029391655,0,2.2377215
8.527727666,9.745803569,8.527727666,8.527727666,NA,-0.010925691,0,1.229001594
9.644418975,8.735282773,9.644418975,9.644418975,NA,-1.224991155,0,0.315854953
7.181952553,5.915132632,7.181952553,7.181952553,NA,-2.596111388,0,1.329291467
10.99619549,10.99753753,10.99619549,10.99619549,NA,1.169122592,0,-1.167780547
9.083722319,8.904665553,9.083722319,9.083722319,NA,-1.086908817,0,0.907852051
7.84226011,7.646126563,7.84226011,7.84226011,NA,-1.826083013,0,1.629949466
11.34619881,13.4210571,13.4210571,NA,13.4210571,0.995281807,1,1.079576483
11.48918911,13.6332491,11.48918911,11.48918911,NA,-0.011861781,0,2.155921773
8.821024765,9.020528542,8.821024765,8.821024765,NA,-0.599628395,0,0.799132172
11.76081675,15.56842462,11.76081675,11.76081675,NA,-0.177947987,0,3.985555856
8.165287791,9.786052568,9.786052568,NA,9.786052568,-0.425981342,1,2.046746118
12.80730606,14.56854432,14.56854432,NA,14.56854432,0.996658776,1,0.76457949
10.56748355,11.99501666,10.56748355,10.56748355,NA,0.727660709,0,0.699872403
7.764303615,6.158800651,7.764303615,7.764303615,NA,-1.726630596,0,0.121127632
10.45842326,11.2365248,11.2365248,NA,11.2365248,0.353398496,1,0.424703052
10.95707619,14.92367706,14.92367706,NA,14.92367706,0.726813666,1,3.239787201
10.91431408,12.31706967,10.91431408,10.91431408,NA,0.668260976,0,0.734494616
7.281312967,3.606974243,3.606974243,NA,3.606974243,-2.424317309,1,-1.250021415
9.678403127,12.60406819,9.678403127,9.678403127,NA,-0.235357425,0,3.16102249
14.32838056,19.20603588,14.32838056,14.32838056,NA,1.979633321,0,2.898021992
11.30868665,15.90131821,11.30868665,11.30868665,NA,0.796794539,0,3.795837014
7.610392275,7.348855291,7.348855291,NA,7.348855291,-1.709276181,1,1.447739196
7.451016527,8.840827514,7.451016527,7.451016527,NA,-1.663668712,0,3.053479698
10.31190629,12.91603643,12.91603643,NA,12.91603643,0.491109552,1,2.113020588
9.946828324,8.378796965,9.946828324,9.946828324,NA,-0.174055486,0,-1.393975873
12.43485876,16.97820719,16.97820719,NA,16.97820719,0.961290564,1,3.582057859
11.25459788,12.20243658,12.20243658,NA,12.20243658,0.293826662,1,0.654012033
11.11750463,16.7967863,11.11750463,11.11750463,NA,0.080999364,0,5.598282307
12.00823704,16.08669838,12.00823704,12.00823704,NA,0.183661843,0,3.894799504
10.60642459,14.70855715,14.70855715,NA,14.70855715,0.166255035,1,3.935877523
8.251327735,11.96445704,8.251327735,8.251327735,NA,-1.269599066,0,4.982728367
15.07702864,19.74033232,19.74033232,NA,19.74033232,2.349493321,1,2.313810359
7.817922271,7.738872014,7.817922271,7.817922271,NA,-1.412005407,0,1.33295515
8.966339003,8.461661239,8.966339003,8.966339003,NA,-0.016961493,0,-0.48771627
8.290625447,10.61980139,10.61980139,NA,10.61980139,-0.544319353,1,2.873495295
12.04565388,14.77895485,12.04565388,12.04565388,NA,1.800112333,0,0.933188639
10.08337744,15.14831577,15.14831577,NA,15.14831577,1.011440176,1,4.05349816
10.57260952,12.10069437,10.57260952,10.57260952,NA,-0.563716556,0,2.091801409
9.714245528,11.54041404,9.714245528,9.714245528,NA,0.205420795,0,1.620747714
12.86716472,17.54559171,17.54559171,NA,17.54559171,1.16546195,1,3.512965032
15.73856582,18.99204541,18.99204541,NA,18.99204541,2.23632284,1,1.017156746
10.05011112,16.30357325,10.05011112,10.05011112,NA,0.302265076,0,5.951197049
8.806348655,9.305842701,8.806348655,8.806348655,NA,-1.042506602,0,1.542000648
7.949393516,9.113591005,7.949393516,7.949393516,NA,-0.983542313,0,2.147739802
15.92780668,18.89971207,18.89971207,NA,18.89971207,2.00571858,1,0.966186809
5.815227985,6.216077491,5.815227985,5.815227985,NA,-2.070571484,0,2.47142099
15.76210488,22.19810905,22.19810905,NA,22.19810905,3.055742369,1,3.380261798
10.47757688,9.948005855,9.948005855,NA,9.948005855,-0.261350594,1,-0.268220433
10.24957642,11.77312964,10.24957642,10.24957642,NA,-0.454393259,0,1.977946474
11.26102206,14.3270601,11.26102206,11.26102206,NA,0.157560555,0,2.908477488
12.01305815,13.42112561,13.42112561,NA,13.42112561,0.933388728,1,0.474678732
11.0624325,15.0387201,15.0387201,NA,15.0387201,0.302828276,1,3.673459334
6.172882956,5.826487098,6.172882956,6.172882956,NA,-1.956150222,0,1.609754364
10.98234067,14.89059122,14.89059122,NA,14.89059122,0.353536709,1,3.554713844
10.30092446,13.48796786,10.30092446,10.30092446,NA,0.450424514,0,2.736618882
13.82951145,14.50025425,14.50025425,NA,14.50025425,0.659550871,1,0.011191925
9.185262362,11.81817763,9.185262362,9.185262362,NA,-1.031420728,0,3.664335994
7.283984606,6.374298007,7.283984606,7.283984606,NA,-2.371022881,0,1.461336282
7.293483421,11.55400188,7.293483421,7.293483421,NA,-0.324576308,0,4.585094765
7.256088092,7.105388329,7.256088092,7.256088092,NA,-0.944298751,0,0.793598989
7.874504304,11.24957258,7.874504304,7.874504304,NA,-0.765889998,0,4.140958277
7.982255228,7.398292048,7.982255228,7.982255228,NA,-0.953779267,0,0.369816087
8.83498051,11.29515779,11.29515779,NA,11.29515779,-0.39800445,1,2.858181727
10.17681536,14.00278838,10.17681536,10.17681536,NA,-0.311217063,0,4.137190076
10.95683196,13.14381765,13.14381765,NA,13.14381765,0.796092713,1,1.390892973
11.18106449,14.24121362,11.18106449,11.18106449,NA,0.986428344,0,2.073720781
9.997765066,9.656335652,9.997765066,9.997765066,NA,-0.794531662,0,0.453102249
7.427831839,10.6648842,7.427831839,7.427831839,NA,-0.308817972,0,3.545870334
10.46888515,14.02515756,10.46888515,10.46888515,NA,0.361444766,0,3.194827652
12.96158953,15.35955763,15.35955763,NA,15.35955763,1.398791105,1,0.999176997
10.99060183,13.28477789,10.99060183,10.99060183,NA,-0.05607042,0,2.350246476
7.245837132,10.34025621,7.245837132,7.245837132,NA,-1.698873492,0,4.793292566
9.914164985,12.06178786,9.914164985,9.914164985,NA,0.231852545,0,1.915770332
9.639140209,10.05420155,9.639140209,9.639140209,NA,-0.119090671,0,0.534152008
12.22766061,17.42438071,12.22766061,12.22766061,NA,1.772492853,0,3.424227247
10.09052364,12.72377166,10.09052364,10.09052364,NA,0.343422165,0,2.289825862
7.71160565,7.56260491,7.71160565,7.71160565,NA,-0.623049782,0,0.474049043
9.14412161,10.72601782,10.72601782,NA,10.72601782,-0.439522294,1,2.021418506
9.476170952,8.690714194,9.476170952,9.476170952,NA,-0.50529679,0,-0.280159969
9.721846412,10.8978576,9.721846412,9.721846412,NA,0.186035137,0,0.989976053
9.151301421,10.20367322,9.151301421,9.151301421,NA,0.176417798,0,0.875953998
9.743136884,12.60756472,12.60756472,NA,12.60756472,0.915848207,1,1.94857963
10.09244121,7.954172772,7.954172772,NA,7.954172772,0.320176726,1,-2.458445162
11.17260107,13.84785926,13.84785926,NA,13.84785926,-0.366687297,1,3.041945491
8.030582757,10.185289,8.030582757,8.030582757,NA,-0.940611295,0,3.095317533
10.31539355,11.2491463,11.2491463,NA,11.2491463,0.634702931,1,0.299049816
12.68765441,14.54044278,12.68765441,12.68765441,NA,-0.062488482,0,1.915276855
8.317000925,10.11230524,10.11230524,NA,10.11230524,0.182837868,1,1.612466447
11.79798942,13.0284847,11.79798942,11.79798942,NA,1.103641018,0,0.126854258
13.29255223,16.88992197,13.29255223,13.29255223,NA,1.752035619,0,1.845334129
8.090647817,11.64062518,11.64062518,NA,11.64062518,-0.95381646,1,4.503793827
13.64981027,15.37688471,13.64981027,13.64981027,NA,1.644080457,0,0.082993982
9.505336997,11.75730248,11.75730248,NA,11.75730248,-0.866733529,1,3.118699017
10.45284605,13.454329,13.454329,NA,13.454329,0.266352192,1,2.735130759
9.166209327,8.393518742,8.393518742,NA,8.393518742,0.222370495,1,-0.99506108
9.907987391,9.517825906,9.907987391,9.907987391,NA,-0.27690851,0,-0.113252976
11.77059654,16.54161728,11.77059654,11.77059654,NA,1.394253041,0,3.376767702
8.125681736,8.342548603,8.342548603,NA,8.342548603,-0.658912,1,0.875778867
11.14207509,11.94494732,11.94494732,NA,11.94494732,0.660531281,1,0.142340947
10.55947992,14.96789683,14.96789683,NA,14.96789683,-0.0132557,1,4.421672607
8.523612726,9.008070973,9.008070973,NA,9.008070973,-0.931480299,1,1.415938546
12.67080135,16.28062011,16.28062011,NA,16.28062011,1.214689143,1,2.39512962
4.356455965,3.964333127,4.356455965,4.356455965,NA,-2.088340366,0,1.696217528
9.94924841,13.00962931,9.94924841,9.94924841,NA,-0.526152469,0,3.58653337
7.116901864,7.9683453,7.116901864,7.116901864,NA,-1.541402567,0,2.392846003
10.57802062,12.93389029,12.93389029,NA,12.93389029,0.19432107,1,2.161548594
11.54425368,15.05505863,11.54425368,11.54425368,NA,0.264422549,0,3.246382402
8.461455949,10.63463249,8.461455949,8.461455949,NA,-1.118735169,0,3.291911712
11.06535604,14.21177288,14.21177288,NA,14.21177288,0.650952956,1,2.495463878
5.820490325,8.422533738,5.820490325,5.820490325,NA,-1.032900239,0,3.634943651
9.771581417,13.32896571,9.771581417,9.771581417,NA,0.659201499,0,2.898182791
11.10589668,14.08929,14.08929,NA,14.08929,0.2378294,1,2.745563926
9.656980997,11.68515224,11.68515224,NA,11.68515224,0.715275947,1,1.312895298
8.479892779,10.91760768,8.479892779,8.479892779,NA,-0.938483039,0,3.376197939
10.44706302,11.92690956,10.44706302,10.44706302,NA,0.09535401,0,1.384492533
8.951758065,9.249784385,8.951758065,8.951758065,NA,-0.46281942,0,0.76084574
6.945434276,7.545302276,6.945434276,6.945434276,NA,-1.468882156,0,2.068750156
8.767856683,10.95798661,10.95798661,NA,10.95798661,0.152686506,1,2.037443421
12.92489576,15.35610029,12.92489576,12.92489576,NA,1.773762611,0,0.657441919
7.120535656,7.498977114,7.120535656,7.120535656,NA,-0.648070934,0,1.026512392
8.77504252,9.743155187,8.77504252,8.77504252,NA,-0.199817476,0,1.167930143
10.92229431,12.03421776,10.92229431,10.92229431,NA,0.689243733,0,0.422679723
9.088983839,10.97013373,9.088983839,9.088983839,NA,0.03614551,0,1.84500438
12.75240554,14.54427781,12.75240554,12.75240554,NA,1.943536312,0,-0.151664051
11.96600466,12.63229061,11.96600466,11.96600466,NA,0.737213734,0,-0.07092778
13.50009967,15.57234481,13.50009967,13.50009967,NA,2.321333933,0,-0.249088793
10.66062648,13.04256411,13.04256411,NA,13.04256411,0.348909346,1,2.03302829
9.898011079,10.91404,10.91404,NA,10.91404,-1.133916661,1,2.149945583
10.52070205,12.76935638,10.52070205,10.52070205,NA,0.421335268,0,1.827319055
8.898621488,9.37175702,8.898621488,8.898621488,NA,-0.924556257,0,1.397691789
6.505496555,11.0153693,6.505496555,6.505496555,NA,-1.007062366,0,5.516935112
9.746528723,10.09122913,10.09122913,NA,10.09122913,-0.18947433,1,0.534174738
10.64087016,14.92063452,14.92063452,NA,14.92063452,0.9339167,1,3.345847656
9.291851782,11.49814834,9.291851782,9.291851782,NA,0.34391,0,1.862386561
12.22339707,14.56265028,14.56265028,NA,14.56265028,0.814020276,1,1.525232941
11.35147008,12.16246897,11.35147008,11.35147008,NA,0.915341002,0,-0.104342109
10.68754314,12.28380013,10.68754314,10.68754314,NA,-0.17185213,0,1.768109116
5.488162113,6.048617935,6.048617935,NA,6.048617935,-2.402231114,1,2.962686935
8.791658051,9.478386474,9.478386474,NA,9.478386474,0.795906852,1,-0.109178428
13.41661185,16.25258246,13.41661185,13.41661185,NA,2.169115869,0,0.666854735
11.03078418,13.26863883,13.26863883,NA,13.26863883,0.058383499,1,2.179471151
10.51223319,12.54547293,10.51223319,10.51223319,NA,-1.35491445,0,3.388154193
10.33586479,10.94782364,10.33586479,10.33586479,NA,-0.367550766,0,0.979509616
9.658660398,10.53002015,9.658660398,9.658660398,NA,-0.934517579,0,1.805877335
9.321793281,11.46827689,9.321793281,9.321793281,NA,-0.04163922,0,2.188122829
11.36702289,13.72657299,13.72657299,NA,13.72657299,0.676112006,1,1.683438095
10.82432609,14.9978274,10.82432609,10.82432609,NA,0.866436147,0,3.307065164
10.77481891,15.34801462,15.34801462,NA,15.34801462,0.235175025,1,4.338020692
7.415485646,8.808797898,7.415485646,7.415485646,NA,-0.933970133,0,2.327282386
10.83612867,14.25861295,10.83612867,10.83612867,NA,0.813252167,0,2.609232112
10.56281203,13.52381955,10.56281203,10.56281203,NA,1.348318555,0,1.612688972
13.42359739,19.00340631,13.42359739,13.42359739,NA,2.251882776,0,3.327926148
9.711977462,12.05611797,9.711977462,9.711977462,NA,-0.493652434,0,2.837792944
10.76870477,13.515474,10.76870477,10.76870477,NA,0.474092599,0,2.272676632
11.15184365,16.51773954,11.15184365,11.15184365,NA,1.193691666,0,4.172204232
9.586725474,12.03013437,9.586725474,9.586725474,NA,-0.116395472,0,2.559804364
9.144385212,11.07666744,9.144385212,9.144385212,NA,0.524858556,0,1.407423668
10.09905765,11.59718503,11.59718503,NA,11.59718503,0.214421481,1,1.2837059
8.022757247,9.643816684,8.022757247,8.022757247,NA,-0.134449535,0,1.755508971
10.23729775,12.12229122,12.12229122,NA,12.12229122,0.168509103,1,1.716484363
13.19814603,16.43492284,16.43492284,NA,16.43492284,0.96473277,1,2.272044047
11.31737488,14.96540692,11.31737488,11.31737488,NA,0.408778914,0,3.239253127
10.781362,12.90654732,12.90654732,NA,12.90654732,-0.466438215,1,2.591623532
7.993213448,8.861307884,8.861307884,NA,8.861307884,-2.239782976,1,3.107877411
8.477447387,9.275688869,9.275688869,NA,9.275688869,-0.795063185,1,1.593304668
10.33356606,12.22122434,10.33356606,10.33356606,NA,-0.019955117,0,1.90761339
4.400699584,5.160427513,4.400699584,4.400699584,NA,-2.514425122,0,3.274153052
14.21020579,16.60881408,16.60881408,NA,16.60881408,2.210952032,1,0.187656256
7.047731721,9.145522556,9.145522556,NA,9.145522556,-1.48876223,1,3.586553065
9.199381706,13.60014587,9.199381706,9.199381706,NA,-1.160751876,0,5.561516036
10.31544975,13.17281683,10.31544975,10.31544975,NA,1.457738225,0,1.399628863
7.862188794,9.159736654,7.862188794,7.862188794,NA,-2.189875949,0,3.487423808
10.60560293,14.78988231,10.60560293,10.60560293,NA,0.739062681,0,3.445216704
10.90988522,12.71541585,12.71541585,NA,12.71541585,-0.344008769,1,2.149539402
10.66447516,12.14099864,12.14099864,NA,12.14099864,0.455876742,1,1.020646737
10.67909167,11.51419499,10.67909167,10.67909167,NA,0.878110263,0,-0.043006942
9.060575116,10.78164157,10.78164157,NA,10.78164157,-0.958463923,1,2.679530378
8.882985996,10.1933527,10.1933527,NA,10.1933527,-0.705844846,1,2.016211553
4.878359267,2.346164879,4.878359267,4.878359267,NA,-2.996949303,0,0.464754915
7.663800753,6.278868473,7.663800753,7.663800753,NA,-0.961052324,0,-0.423879956
12.9803426,14.06837517,14.06837517,NA,14.06837517,0.380188254,1,0.707844319
9.807954134,13.61171717,9.807954134,9.807954134,NA,0.50506759,0,3.298695446
13.59973551,16.11305568,16.11305568,NA,16.11305568,2.027056004,1,0.486264173
9.885525853,11.74653077,9.885525853,9.885525853,NA,0.064627029,0,1.796377885
9.677633171,13.00279734,9.677633171,9.677633171,NA,0.463658648,0,2.861505516
8.72197651,7.20001124,8.72197651,8.72197651,NA,0.074778333,0,-1.596743603
7.781116337,9.716961806,7.781116337,7.781116337,NA,-0.486836236,0,2.422681705
9.717321598,12.52820737,12.52820737,NA,12.52820737,0.748910821,1,2.06197495
9.200116389,8.888416154,8.888416154,NA,8.888416154,0.464234581,1,-0.775934816
10.88027661,11.81798131,11.81798131,NA,11.81798131,0.129420458,1,0.808284238
8.540047392,8.98165735,8.540047392,8.540047392,NA,-0.815460652,0,1.25707061
11.93891675,12.86994499,11.93891675,11.93891675,NA,-0.040150452,0,0.971178693
11.80536415,13.75764719,11.80536415,11.80536415,NA,0.781416978,0,1.170866061
12.66287667,15.1855134,15.1855134,NA,15.1855134,0.676452747,1,1.846183987
9.778739855,12.53340507,9.778739855,9.778739855,NA,-0.482652526,0,3.237317744
9.84179721,10.98074004,10.98074004,NA,10.98074004,-0.669113468,1,1.808056302
11.23644938,12.86684495,12.86684495,NA,12.86684495,0.512801322,1,1.117594244
11.17130983,15.22250249,11.17130983,11.17130983,NA,1.048909929,0,3.002282731
11.10511395,14.7338946,11.10511395,11.10511395,NA,0.121058163,0,3.507722485
9.522005031,10.99540641,9.522005031,9.522005031,NA,-0.313292885,0,1.786694266
9.712778143,12.1285363,9.712778143,9.712778143,NA,-0.88067073,0,3.296428887
8.571942681,10.1197989,8.571942681,8.571942681,NA,-0.419286891,0,1.96714311
8.780105504,8.900257511,8.780105504,8.780105504,NA,-1.482751678,0,1.602903685
8.642049345,8.5747616,8.642049345,8.642049345,NA,-0.697318199,0,0.630030455
