y1t,y0t,y3,t1,x1,x2,x3
6.962514967,-1.451714493,-1.451714493,0,0.82567237,2.707385091,1.396648959
-4.705348589,9.249752109,-4.705348589,1,0.654171656,0.206866642,1.823394441
10.84625274,-3.003521973,-3.003521973,0,NA,-0.083091675,-0.927133033
3.314525293,10.58751284,10.58751284,0,2.109523172,1.477396226,2.156753119
6.701516157,7.127498153,7.127498153,0,1.908684561,NA,0.891065719
5.709475581,-0.852987287,-0.852987287,0,NA,1.618505042,0.808467917
10.83737531,-0.25550386,-0.25550386,0,NA,1.030857238,0.026041872
6.546087166,4.402368546,6.546087166,1,2.019314189,NA,0.846452342
3.955531501,3.365122836,3.365122836,0,0.117184206,NA,NA
-0.483873781,8.544878384,8.544878384,0,0.562201087,0.952631924,1.84176152
3.376416461,4.682081756,4.682081756,0,0.819334075,0.418887588,NA
1.543394157,4.943615315,1.543394157,1,-0.486249742,0.320293728,0.832366137
6.776098151,3.193060657,3.193060657,0,0.617971025,1.897452144,1.301554413
7.300628801,0.873080012,0.873080012,0,0.799271104,2.820368721,NA
3.187009653,-0.762913969,-0.762913969,0,NA,-0.124943133,-0.163013097
4.874844703,8.159060062,4.874844703,1,3.074503854,NA,2.673966339
5.733022226,1.307173963,1.307173963,0,NA,0.240549554,0.163097935
5.288678108,10.68698164,10.68698164,0,2.74542283,-0.41315844,0.841056116
-2.579881982,5.347290984,5.347290984,0,-0.673432657,0.163798812,1.127302909
1.794615727,6.602978522,6.602978522,0,0.819090237,0.224220102,1.017908523
8.924309791,-4.846600245,-4.846600245,0,NA,-0.205415354,-1.084856175
-0.480915566,13.98967245,-0.480915566,1,1.71062645,1.452767456,2.759144242
7.106358953,-1.174443002,-1.174443002,0,NA,-0.302685814,-0.569817141
3.950433953,1.890049356,1.890049356,0,NA,-0.909022178,-0.421433856
3.616173756,4.790918124,3.616173756,1,1.481925952,NA,0.984591144
-7.995608324,22.3510517,-7.995608324,1,NA,1.707552423,4.466986909
14.43142498,-3.20028686,-3.20028686,0,NA,1.048327114,-0.462218576
0.641273588,4.115754668,4.115754668,0,0.251171049,2.045270442,2.003867748
-0.135900532,2.198122565,-0.135900532,1,-0.43501962,0.603431361,0.920274819
-8.154362158,13.00528793,13.00528793,0,0.603582297,-0.266301478,2.172647458
1.040030313,5.30864183,5.30864183,0,0.72299275,-0.112992415,0.745514306
2.17785958,6.299693483,2.17785958,1,NA,0.666387517,1.198582966
-7.608140829,10.24612903,-7.608140829,1,NA,-0.708097861,1.518911537
1.977274804,10.12030138,1.977274804,1,NA,0.732235716,1.691527931
-5.517674656,11.81433227,11.81433227,0,1.397307325,NA,2.648979407
5.407593184,3.078332063,3.078332063,0,1.655807221,1.492752208,1.252346505
16.30832295,0.909042264,0.909042264,0,3.464160662,2.616386564,0.94359872
0.627685817,8.762090464,0.627685817,1,0.911402674,1.838395464,2.355870506
-2.903947764,11.25060264,11.25060264,0,1.048635391,0.983634573,2.371693437
-3.026185,5.922636538,-3.026185,1,-0.001210951,1.441980698,2.094679588
10.38059381,3.234439066,10.38059381,1,1.534654136,NA,0.816926214
17.39036002,-0.442710521,-0.442710521,0,NA,3.378318143,1.158610556
10.55260989,1.246613342,10.55260989,1,1.964016838,NA,0.965456211
3.196871938,2.579178646,2.579178646,0,NA,-0.803291755,-0.239312876
10.3868784,-1.230751078,10.3868784,1,0.941470869,NA,-0.155891682
12.62962698,-2.989081481,-2.989081481,0,NA,-0.093611082,-1.163810695
7.522291111,4.609645683,4.609645683,0,1.652815906,NA,0.964803532
6.321385332,5.154048394,6.321385332,1,1.442949869,0.868112854,0.941127537
7.612422164,-0.518326037,-0.518326037,0,NA,2.451651737,1.147535757
7.273645664,1.681180134,1.681180134,0,1.120495972,2.805187185,1.742212794
3.825338033,6.270344897,6.270344897,0,2.246922751,1.234374094,1.575686206
1.638820611,3.521628251,3.521628251,0,-0.217613859,NA,-0.284258169
8.96862845,1.407012516,8.96862845,1,2.005913508,1.498242398,0.811999487
5.728015621,5.497643925,5.728015621,1,1.605810253,-1.155047426,-0.246353948
17.59827694,-5.992235055,-5.992235055,0,NA,2.968847551,0.290094607
15.15052057,3.057879505,3.057879505,0,NA,3.330865601,1.615404246
0.265330009,7.690735663,0.265330009,1,NA,0.510923191,1.532607856
6.316870648,0.787854081,0.787854081,0,0.96521537,-0.040020478,-0.076722231
5.922011737,1.421272193,1.421272193,0,NA,0.291414894,0.127076997
10.70833,-6.201134497,10.70833,1,-0.010460784,0.100048403,-1.110871496
12.91486309,4.634862619,4.634862619,0,3.453376045,NA,1.422425562
5.188033441,-0.949700436,5.188033441,1,-0.481949488,-0.649499814,NA
0.459069678,5.170718625,5.170718625,0,0.545754079,1.953777802,2.08489524
9.596746703,2.440104349,2.440104349,0,NA,1.016017313,0.461678766
4.361519652,3.666451403,3.666451403,0,1.138475389,0.205858553,0.534947001
-4.134649163,13.32267576,13.32267576,0,1.405848409,0.963835699,2.691820293
5.1293308,8.212034702,8.212034702,0,1.693797029,3.129354182,2.789270928
-1.198685419,9.270840455,9.270840455,0,1.439964507,NA,1.97038193
4.010712449,2.831258695,2.831258695,0,0.861388534,0.976178658,0.955925944
1.56380832,10.51211267,10.51211267,0,1.283480375,1.565320706,2.289911788
3.610386832,6.407768318,6.407768318,0,0.881320197,2.148319675,2.06517631
1.026319999,3.636362713,3.636362713,0,0.72959454,0.527435964,1.002880818
-1.734458773,10.7099774,10.7099774,0,0.661573632,NA,2.01755123
5.855607335,-1.213532038,-1.213532038,0,NA,1.49200228,0.641802981
11.75713347,1.798995857,1.798995857,0,NA,1.269488271,NA
7.263507883,5.794909348,5.794909348,0,1.316404833,2.081204714,1.674203572
-3.189339605,6.040421289,-3.189339605,1,NA,-0.308376122,0.946388257
1.690209094,6.627647347,6.627647347,0,0.674109917,NA,0.770519016
-6.023679877,11.05633709,11.05633709,0,-0.397096824,-0.51274714,1.553971833
6.483271729,9.912184916,6.483271729,1,2.839936933,NA,1.962184902
-1.933161297,4.366335995,4.366335995,0,-0.595639844,0.221584232,1.023177007
-9.059898076,10.80057764,10.80057764,0,0.671432292,NA,3.813254812
-8.094831325,14.45650196,-8.094831325,1,NA,0.473867763,NA
-1.074439354,14.0736751,14.0736751,0,1.574791131,1.737241651,2.989417922
6.862866918,8.89447144,6.862866918,1,2.51322388,2.978757154,2.672375316
8.946212792,0.699252868,0.699252868,0,NA,-1.048863949,NA
11.80952733,2.451096887,11.80952733,1,1.78390415,1.846080573,0.84982161
11.31187647,2.387030261,11.31187647,1,2.052583211,1.156670272,0.474948082
10.73921334,0.120405902,0.120405902,0,NA,1.589399783,0.564792667
3.25312552,4.298174597,3.25312552,1,0.569271263,0.62413169,0.90756747
-3.378623792,10.86039237,-3.378623792,1,NA,-1.768418857,0.594458526
2.641139656,1.262796779,2.641139656,1,0.305898513,-0.877142982,-0.292040476
10.81848221,4.218988514,4.218988514,0,2.501011466,NA,1.2690106
7.123744448,2.936171248,2.936171248,0,NA,2.276547075,1.636513516
3.678414583,5.353231636,3.678414583,1,0.914712311,2.997460275,NA
16.71455108,1.97370114,16.71455108,1,2.258056344,NA,0.918582497
7.872113926,-1.138019922,7.872113926,1,0.483405082,-0.985221229,-1.038479761
11.1363638,0.864103631,0.864103631,0,1.481235264,1.163944481,0.305144224
10.01717275,3.392232675,10.01717275,1,1.594767799,2.083111613,1.231964456
3.795449214,4.402051524,4.402051524,0,0.813214929,1.85822516,1.675217578
0.738363735,4.51206422,4.51206422,0,0.082918501,-0.166493068,0.608287955
6.313709264,4.438065438,6.313709264,1,1.860942815,NA,0.470501605
16.78451468,-2.968254518,-2.968254518,0,NA,2.027673441,0.000791123
-0.117735846,13.10677251,13.10677251,0,2.068441508,NA,2.187658826
7.849119186,4.848503272,4.848503272,0,2.090590311,1.632462912,1.319746798
-6.553743071,5.581331414,5.581331414,0,-1.167804212,-1.173532447,0.613867559
2.1968555,6.018712689,6.018712689,0,-0.276135281,0.231009733,0.832980913
2.070512932,2.818228785,2.818228785,0,0.310359125,-1.436201124,-0.454121172
0.094772155,7.043192095,7.043192095,0,1.375252754,0.958267609,1.730140541
-3.831095391,8.065304577,-3.831095391,1,NA,1.093998885,NA
8.691028272,5.891997255,8.691028272,1,2.560546498,NA,1.33991315
8.540599071,2.21447187,8.540599071,1,1.666484161,1.211181639,0.710784403
8.811701185,1.056748808,1.056748808,0,NA,0.994584287,0.33592994
6.930625363,1.403700519,6.930625363,1,0.619849076,-0.415102711,-0.346617704
11.57079094,0.387269134,0.387269134,0,NA,0.43923732,-0.238119233
4.430733192,3.388290413,4.430733192,1,0.787361192,0.5024522,0.660189438
0.190899444,3.734496208,3.734496208,0,-0.753113042,0.130243727,NA
4.763591808,4.415646773,4.415646773,0,0.225923844,-0.146426441,NA
6.877193775,0.34934509,0.34934509,0,NA,1.225104361,0.626146605
8.503441232,1.725404451,1.725404451,0,1.467297489,2.085517106,1.207989132
9.874829639,-3.595530796,9.874829639,1,0.214206283,0.385821031,-0.595946085
-4.715557642,10.49491065,10.49491065,0,0.158309856,0.50429316,2.081711843
-5.800997498,6.933197837,6.933197837,0,-1.348375706,-0.63141452,0.996901635
4.654850466,6.036203638,4.654850466,1,1.723177818,NA,1.307966525
8.27158714,3.799056465,3.799056465,0,2.249684698,1.860936047,1.345791487
0.824624583,9.310843859,9.310843859,0,1.653569252,-0.603537511,0.901365996
0.957677976,10.53553428,0.957677976,1,NA,1.050219853,2.045641644
12.50020739,-1.203065962,-1.203065962,0,NA,0.594582527,-0.388421269
-3.782533276,17.01972566,-3.782533276,1,2.236101842,1.542954253,3.439912777
-9.318972246,17.87881525,17.87881525,0,1.522620124,1.676364213,4.041359737
-4.482278746,9.729267819,9.729267819,0,0.129465536,NA,1.548917467
5.951306806,4.654106026,5.951306806,1,1.136081468,0.478314811,0.653371306
7.79558171,-2.281351779,-2.281351779,0,NA,0.879844271,0.003478809
7.737584033,4.766564204,7.737584033,1,2.421214186,3.019829352,NA
1.672418283,4.839568918,1.672418283,1,NA,-0.142707132,0.54042404
6.654239457,-0.738013139,-0.738013139,0,NA,-0.088850465,-0.310909845
-2.610137825,10.15362063,-2.610137825,1,NA,-1.19794551,0.866584925
3.861297986,4.758546973,3.861297986,1,0.692131634,0.008377959,0.51345694
12.50539769,-8.927581592,12.50539769,1,-1.387506762,0.547106429,-1.362794641
4.286082304,2.983484767,2.983484767,0,NA,2.60649249,2.056694332
8.008159178,5.735368643,8.008159178,1,2.134605095,NA,1.105847999
10.23615781,-0.295897594,-0.295897594,0,-0.21706204,1.64063151,0.430482102
3.349921176,6.134416522,6.134416522,0,0.942036803,NA,1.946802888
5.517864061,-0.380154684,5.517864061,1,0.493892615,1.429637536,0.782121511
2.169609818,4.916354407,4.916354407,0,-0.579495306,0.732516463,1.026805866
28.45634147,-4.767130542,-4.767130542,0,NA,1.809452499,-1.156619329
0.576330479,4.073775661,4.073775661,0,-0.039302522,0.494281845,0.992555962
1.821876193,3.764055209,3.764055209,0,-0.136564931,0.777468934,1.022536056
2.105444581,8.980868576,8.980868576,0,0.770927875,1.853485067,2.238249758
7.607669666,8.081549555,8.081549555,0,2.282117823,1.530372588,1.588055075
6.477610017,1.537213279,1.537213279,0,NA,-0.574742218,-0.295095649
9.736345762,-3.325900065,9.736345762,1,0.905479061,1.891206763,0.461970962
3.225494486,4.791477174,3.225494486,1,-0.159442728,0.573049973,0.856171797
13.54319044,0.629617252,0.629617252,0,NA,2.433344906,0.877972209
3.97292421,0.622163544,3.97292421,1,0.479302214,NA,-0.105665588
6.437865584,10.75296031,10.75296031,0,2.813330702,1.496154971,NA
-2.339558859,2.332342352,-2.339558859,1,NA,0.787939685,1.210099553
11.87674992,-0.34450014,-0.34450014,0,NA,1.1922841,0.061120619
10.94307352,3.547351859,3.547351859,0,1.574542389,0.606644926,0.220485019
5.208319567,1.343663022,1.343663022,0,-0.159447013,0.919107262,0.582695207
-3.468069718,7.867026794,-3.468069718,1,NA,0.514529577,1.709512195
-0.743512297,9.249077037,9.249077037,0,0.972773323,1.345281214,2.216575559
-1.338083126,9.998902345,9.998902345,0,0.5389624,NA,2.097875907
10.31475544,2.967421248,2.967421248,0,NA,0.504485356,0.155834535
6.383170959,7.162826451,7.162826451,0,2.405005246,1.875337557,NA
2.748131139,6.18225691,6.18225691,0,0.748135392,NA,2.10883283
2.319801533,2.696289592,2.696289592,0,NA,-1.135160134,-0.353490856
7.738069019,5.588786392,7.738069019,1,1.985498479,3.353741975,2.482946334
11.97618803,3.396638416,3.396638416,0,2.161530391,2.385685609,1.29834364
6.717880077,2.807078343,2.807078343,0,0.536816088,0.060659332,0.095511789
-0.623418814,4.630220191,-0.623418814,1,NA,-0.400709365,0.615175363
-4.405718237,10.60397909,10.60397909,0,-0.370309929,NA,1.609791387
8.256604631,1.19699847,1.19699847,0,NA,1.351847238,NA
6.52659564,-0.22769234,-0.22769234,0,NA,1.090918989,0.496893096
6.483847716,4.556515537,4.556515537,0,2.193681293,1.575612312,1.3905123
-1.073304011,6.62847101,6.62847101,0,0.966424503,NA,2.095225748
11.13354903,2.875089536,2.875089536,0,NA,1.414987538,0.65099065
-0.700361557,9.525426278,-0.700361557,1,NA,1.532671187,2.388731201
5.637347806,-0.780556913,5.637347806,1,-0.155917613,0.833110407,0.29617732
13.32505971,4.626563446,4.626563446,0,2.851228929,2.509168976,1.4288105
14.79409526,0.942469936,0.942469936,0,NA,1.754338111,0.509667694
7.084328669,3.205859862,3.205859862,0,NA,2.576434688,1.787407321
6.369458302,5.158720875,6.369458302,1,1.379094226,0.244364194,0.534446014
-4.610776082,14.67406112,-4.610776082,1,NA,0.783272982,2.821667903
0.057297802,4.160437217,4.160437217,0,-0.02124079,NA,1.121991778
8.09433062,0.726977331,8.09433062,1,0.966704659,-0.280225139,-0.396565873
0.365150784,10.09844383,0.365150784,1,NA,0.104065325,NA
2.127029925,5.274904504,5.274904504,0,0.615496907,0.31497527,0.906199853
0.04473856,7.286649727,7.286649727,0,0.544603318,1.760833933,2.192032002
-2.646805242,5.946405396,-2.646805242,1,NA,0.213862148,1.313389318
2.937552858,8.358717476,8.358717476,0,1.168592038,2.327876452,2.444081074
5.958750788,-0.095008747,5.958750788,1,0.414635498,1.708030163,NA
10.79017954,4.971261843,10.79017954,1,2.290562093,NA,NA
12.41538647,0.51954677,12.41538647,1,1.718579403,NA,0.379959945
-0.878316264,7.92952604,-0.878316264,1,0.541197311,-0.709934976,0.761772253
7.516146801,3.216284524,3.216284524,0,0.654548383,0.408141981,0.291970906
-2.629470659,10.69939732,-2.629470659,1,NA,0.667181363,2.125282475
6.379307158,6.706246694,6.706246694,0,2.377503431,1.193436774,1.368954581
7.255579327,2.037296001,2.037296001,0,NA,2.493477419,1.550960267
4.823649844,7.081664801,7.081664801,0,1.07171261,1.820841996,1.825056503
3.929800288,3.669694055,3.929800288,1,0.386974754,0.920326028,0.960831883
14.37303748,3.649189396,3.649189396,0,2.48032577,NA,0.887445205
4.973140052,-0.610028721,-0.610028721,0,NA,-1.570898803,NA
1.702622807,3.265365281,1.702622807,1,NA,1.138689976,1.2350846
11.33031165,1.149919619,11.33031165,1,1.434932938,NA,1.176395998
11.50836139,0.778735305,0.778735305,0,NA,0.589403422,-0.089884344
-4.815295883,9.900396976,-4.815295883,1,NA,1.026970591,2.348162297
4.547513192,7.175586002,4.547513192,1,1.977313099,NA,1.237951571
4.6754782,5.712229856,5.712229856,0,1.521297164,NA,NA
2.885777579,3.738638351,3.738638351,0,0.576089118,NA,1.030206606
4.862419877,3.024644557,3.024644557,0,0.66215489,-0.167011976,0.150481431
3.688016424,5.881823232,3.688016424,1,1.447068351,1.294169669,1.518187531
6.372932417,0.64140198,0.64140198,0,NA,-0.448850709,-0.471328486
-0.684765064,10.51796557,10.51796557,0,1.803623838,NA,2.743805329
5.11991264,6.369990139,6.369990139,0,0.973618283,0.712869177,1.019434547
9.128702448,0.141296062,9.128702448,1,0.896467189,0.839659612,0.162425281
7.838235488,-1.945748102,-1.945748102,0,NA,0.463374218,-0.245656199
6.912489989,7.970893301,6.912489989,1,3.000746985,1.520805918,1.700435612
13.878021,1.880420656,1.880420656,0,NA,2.40405712,1.001759156
9.024946509,-2.337279674,-2.337279674,0,NA,-0.141715229,-0.766574785
-2.591623505,11.82498566,-2.591623505,1,NA,-0.047460711,1.694094256
11.69768653,-1.900892549,-1.900892549,0,NA,0.549717078,-0.417452818
0.589527264,8.728710968,8.728710968,0,1.188789556,1.521715815,2.179998542
5.768781613,-1.090638647,-1.090638647,0,NA,-0.923731677,-0.822048431
0.120185918,7.218699557,0.120185918,1,NA,0.828375542,NA
3.696742651,5.386587435,3.696742651,1,0.766509649,0.36035645,0.816259053
6.120212123,2.541906994,2.541906994,0,NA,1.564095076,1.077201571
4.528565155,0.363538185,0.363538185,0,NA,0.263671475,0.192788813
0.477755558,6.596257112,6.596257112,0,1.124252298,1.084373448,1.712124362
3.240803763,-0.389041251,3.240803763,1,-1.083853667,-0.726435328,-0.527158725
-3.891408251,7.180389739,7.180389739,0,0.151028183,-1.256905085,0.584044598
13.32451975,-1.235302708,-1.235302708,0,3.592388332,2.811715721,1.155870538
9.121148349,1.955259219,1.955259219,0,1.44886822,1.890412729,1.046897108
11.68744911,-1.898164246,-1.898164246,0,NA,1.485807969,0.192820827
6.024163563,8.370896123,6.024163563,1,2.095452527,2.544525886,2.386715117
2.253650273,8.060430054,2.253650273,1,2.003882255,1.508008068,NA
6.171299292,3.912797553,3.912797553,0,1.672329513,1.444961978,1.229869238
-7.419853722,11.65329321,-7.419853722,1,NA,-0.278203608,1.952687344
5.3533262,4.348386316,4.348386316,0,0.225992726,NA,1.140242773
9.983771021,9.61510584,9.983771021,1,2.872553752,NA,1.008644251
16.05243234,-7.200361784,16.05243234,1,0.02733925,NA,0.037012372
11.96775425,-4.771289579,-4.771289579,0,NA,-1.550199858,-2.150287314
3.621114474,1.261878575,1.261878575,0,-0.869478782,0.574262198,0.435556427
4.804841568,-0.453549293,-0.453549293,0,-0.511397273,1.361375298,0.705439905
6.76018476,4.669016444,6.76018476,1,0.820701907,0.090530204,0.305749547
6.008834576,3.111630495,3.111630495,0,NA,1.506877588,1.2054864
11.47218555,0.914734854,0.914734854,0,NA,0.462543385,-0.078344528
1.134548271,5.760520002,1.134548271,1,0.179541086,0.823400988,1.324483612
2.721723141,3.888618542,2.721723141,1,-0.050257996,2.172887181,1.847895243
16.21558822,-5.125966081,-5.125966081,0,NA,2.373863012,0.066131262
3.338288406,5.23932391,3.338288406,1,1.58217226,NA,NA
9.40004572,3.676252741,3.676252741,0,2.064134468,1.155691972,0.766380481
10.17837807,3.272457647,3.272457647,0,2.175157104,0.83506836,0.46497411
-3.662326736,10.67828047,-3.662326736,1,0.188245433,1.160041253,2.422649218
5.108931688,-1.202770544,5.108931688,1,-0.323506572,0.897481466,NA
15.08077605,-2.674181963,-2.674181963,0,NA,1.450115629,-0.279167751
14.31867273,0.143280777,14.31867273,1,2.225863871,NA,0.130654928
10.89192374,-2.130123662,-2.130123662,0,NA,1.809397686,0.449840065
4.441846077,2.304471846,2.304471846,0,-0.179761828,0.414869769,0.416995666
9.237305378,0.667527492,0.667527492,0,NA,1.140865123,0.473207543
-4.138029555,7.446991,7.446991,0,0.194771865,-0.992331072,0.803043174
-4.022365252,8.161958563,8.161958563,0,0.808794327,0.592035619,1.921578861
2.909412839,7.935292255,7.935292255,0,1.988110962,NA,1.351707669
-2.772638619,8.43701966,8.43701966,0,0.954358942,3.050931121,NA
-2.923039057,11.31685309,-2.923039057,1,NA,0.964006104,2.387667327
6.733028953,6.329676029,6.329676029,0,3.305100541,1.514601033,1.591268623
1.785076849,1.937536363,1.937536363,0,NA,-0.532708865,-0.049808255
3.136912862,3.397362729,3.397362729,0,0.479157949,NA,0.82176393
2.046568913,2.87624094,2.87624094,0,0.928636321,0.226253012,0.667461767
-1.147033368,8.305082346,-1.147033368,1,0.948421687,0.559955608,1.66547515
5.513565944,9.226072946,9.226072946,0,3.333844159,3.108017947,2.982043344
5.926953969,4.156292084,5.926953969,1,0.869929266,1.181093841,1.033356751
2.128554792,2.967464292,2.128554792,1,1.117024376,0.831712131,1.07071989
4.784979208,9.06146806,9.06146806,0,2.348647603,1.61425191,1.993172711
-0.452198391,5.10855289,5.10855289,0,-0.717855827,NA,1.666810001
1.780411577,-1.989498304,1.780411577,1,NA,0.041602939,-0.030355199
2.54656812,6.597526233,6.597526233,0,1.063812779,NA,1.311419494
-3.496392187,6.261982837,-3.496392187,1,NA,-0.474353657,0.967261497
4.13935883,5.908515386,5.908515386,0,0.940938832,NA,1.530991362
7.736225612,4.318252147,4.318252147,0,1.031845715,1.009094388,0.788866633
2.590910356,1.871842046,1.871842046,0,NA,-0.574220165,-0.164396857
1.978847866,6.150030465,6.150030465,0,0.691191454,0.033849923,0.827211228
-2.793991009,4.981701727,-2.793991009,1,NA,0.451672022,1.198495555
12.01690766,3.773918641,3.773918641,0,1.678674802,1.818788284,0.924291252
4.742571849,2.985862606,2.985862606,0,NA,0.247228429,NA
-2.78044077,5.857023864,-2.78044077,1,NA,-1.062474175,0.454607895
2.539461629,4.463312241,2.539461629,1,1.337714033,-0.960427276,0.048961247
1.231668721,9.387747642,9.387747642,0,1.928540672,-0.021016889,1.267045579
3.253293734,4.231424008,3.253293734,1,0.940021357,NA,NA
-0.566743622,6.341100089,-0.566743622,1,NA,0.855461593,1.608377287
3.83201578,5.685847307,3.83201578,1,1.39977451,2.170315132,2.04052836
-16.64297036,17.58423596,17.58423596,0,-0.737488921,NA,3.074238006
-8.945902459,10.5854967,-8.945902459,1,NA,0.407629813,2.40533435
-0.500268657,6.446469423,-0.500268657,1,1.392036376,0.689253803,1.560322825
15.36827536,-6.007303117,-6.007303117,0,NA,0.629503825,-1.188142715
6.300338544,3.852561643,6.300338544,1,2.113578353,NA,0.901216894
-4.945477143,10.1425748,-4.945477143,1,-0.336544726,0.421913339,1.973172782
10.30945609,9.809947806,9.809947806,0,3.56710996,2.322271428,2.120318334
8.809613077,6.239789875,8.809613077,1,2.204574106,NA,1.756906987
11.56789198,-0.180338429,-0.180338429,0,1.25392728,2.325237767,0.889305567
14.35403639,-4.387919095,-4.387919095,0,NA,1.769720026,NA
5.637154389,0.802596168,0.802596168,0,NA,1.846852598,1.156624192
-5.067240754,8.632392891,-5.067240754,1,NA,-0.427786141,1.348559974
0.149231379,14.68399479,14.68399479,0,2.817019455,1.729820594,3.041866093
5.620471914,5.747395952,5.620471914,1,1.8795073,-0.589368554,0.170986497
0.019383907,4.721821225,0.019383907,1,-0.447968937,0.49532316,1.065611864
6.363109189,4.185388108,6.363109189,1,1.670307608,NA,0.565437778
7.946222261,-3.191373485,-3.191373485,0,NA,0.673687443,-0.195254289
-0.680514048,1.384013245,1.384013245,0,-0.798905398,0.216991676,0.616778512
1.898670101,7.410718809,1.898670101,1,NA,1.459332424,1.907453726
10.55134528,-3.346547539,-3.346547539,0,NA,0.830097192,-0.26475143
-8.148511653,12.14881766,12.14881766,0,0.850775837,NA,2.713028304
6.513931969,1.480136498,6.513931969,1,1.65394026,NA,1.010971193
6.061789355,9.686863239,6.061789355,1,3.118840243,2.215127642,2.386346147
5.547862463,1.562403332,1.562403332,0,NA,1.861388333,1.287455762
0.791900279,5.064503006,5.064503006,0,0.604658338,NA,1.010714949
5.652846814,4.806223536,4.806223536,0,0.61758996,-0.452350983,0.054955436
-3.725831429,8.252846262,-3.725831429,1,NA,0.742820961,1.932380354
4.203885525,0.522233952,4.203885525,1,0.170142243,1.508999314,1.004680534
8.961440838,3.433087223,8.961440838,1,1.501038809,1.201806986,0.762303099
3.721278555,5.512298343,3.721278555,1,1.399219183,1.307339419,1.485601355
3.905334765,3.639424809,3.905334765,1,-0.300346552,0.243511762,0.46712053
6.299674533,2.943111279,6.299674533,1,-0.320375079,0.640707119,0.437091955
-8.180150475,15.00873236,15.00873236,0,1.328683192,-0.904557394,2.01687857
7.244052533,-0.893737265,-0.893737265,0,0.140736396,1.464567227,0.568628835
0.028694799,7.76242082,0.028694799,1,0.391161985,0.200138146,1.229623184
6.928327835,4.486530224,4.486530224,0,0.458155258,0.064226127,NA
-1.53325291,4.417109169,-1.53325291,1,NA,-1.018980759,0.202470012
8.167910301,-0.170634506,-0.170634506,0,NA,-0.507680256,-0.655811562
4.286174186,8.148753513,8.148753513,0,1.864293788,0.668846257,1.309890629
0.877139376,3.339374125,3.339374125,0,-0.149695951,0.212010845,0.708783156
5.062373448,8.030343549,5.062373448,1,1.178611825,0.815703969,1.259682701
-2.354612764,8.010726492,8.010726492,0,0.552758624,NA,1.971650694
2.453269506,2.864651412,2.453269506,1,NA,0.191976365,0.57385741
12.87758129,-6.479499139,12.87758129,1,0.401571883,0.859886685,NA
1.240502225,4.874367984,4.874367984,0,0.639758547,NA,1.64742028
10.51648288,-2.651556898,-2.651556898,0,NA,0.339175774,-0.494066772
4.208388059,5.699346638,5.699346638,0,1.04052322,0.880984685,1.154397691
0.742149477,5.786847075,5.786847075,0,0.161446396,-0.85171657,0.294920728
14.55532775,-4.67235645,14.55532775,1,1.040356671,1.269535268,-0.481870969
2.583562785,4.8370741,2.583562785,1,NA,0.748983763,1.112972924
11.33179955,-0.927192035,-0.927192035,0,NA,1.548451215,0.246605324
17.81741124,-0.052837809,17.81741124,1,2.708824364,2.590802437,0.634017488
10.58954968,-1.744489296,-1.744489296,0,NA,1.444757954,0.222633599
2.678824152,-1.106184958,-1.106184958,0,NA,1.202667694,0.715725241
13.17049846,1.188661004,1.188661004,0,NA,1.774026577,NA
7.375424702,3.009357783,7.375424702,1,1.395079347,NA,0.965376993
12.24587488,0.031154009,0.031154009,0,1.698281087,-0.210745261,-0.726514238
-2.684827894,8.091383238,-2.684827894,1,NA,0.059777093,1.352870992
10.01486255,1.565175742,10.01486255,1,0.965910024,NA,0.234185068
4.282817519,0.069397035,0.069397035,0,NA,-0.260589048,-0.182495969
10.22305703,-2.944701382,-2.944701382,0,NA,1.053332412,-0.127310967
-14.8674669,17.58552699,17.58552699,0,-0.220051961,0.570350415,3.656854076
19.33263039,-7.453564045,-7.453564045,0,0.579349663,0.409289747,-1.758346959
2.194947056,-1.363735381,-1.363735381,0,NA,-0.847775247,NA
2.567911716,5.498383108,5.498383108,0,0.652799031,-0.912356808,0.108797524
17.99919799,1.988918679,17.99919799,1,3.362294109,1.628876329,0.250377191
7.689143518,1.903926642,1.903926642,0,NA,-0.184710172,-0.146755827
9.685035487,-1.258292135,-1.258292135,0,NA,0.93278093,-0.014636222
3.337678557,6.302229025,6.302229025,0,0.986552163,NA,1.13065674
9.935577243,-6.7765084,-6.7765084,0,NA,0.023132264,-1.107411862
-2.140406955,7.979059351,7.979059351,0,0.242608285,-1.058192974,0.632247616
4.566687326,2.12178741,4.566687326,1,-0.079812255,2.211694227,1.541558856
2.804522345,7.653469457,2.804522345,1,NA,1.169734059,1.67358497
5.95800887,7.706629824,7.706629824,0,2.423923887,2.602313687,2.398976423
16.71831884,-0.396621585,-0.396621585,0,NA,1.81400949,NA
8.463492351,2.022667757,2.022667757,0,1.491052415,1.605438688,0.935299876
5.810336426,-0.315620329,-0.315620329,0,NA,-0.040308673,-0.176195487
3.071490467,6.962095546,6.962095546,0,1.303763193,NA,1.481418782
2.483737138,5.898095558,2.483737138,1,NA,0.894806452,1.308195967
5.381154813,2.838421287,2.838421287,0,NA,1.04251274,0.928993356
-7.900441598,3.783528178,3.783528178,0,-2.362746516,-0.761210546,0.726613585
4.759869021,8.562202227,8.562202227,0,2.186767212,NA,1.643098823
5.98408433,-0.795364115,-0.795364115,0,NA,0.441411128,-0.009230963
6.436400481,5.854041091,6.436400481,1,1.728372199,0.59053993,0.843617484
3.257959961,3.59904461,3.257959961,1,2.131245888,1.166783997,1.330892592
-3.808714619,9.80475763,9.80475763,0,1.117339182,0.544008268,2.048988119
2.56545426,-0.095871556,-0.095871556,0,NA,-1.191927656,-0.729370981
1.748084263,5.962784528,5.962784528,0,1.038693165,0.499317882,1.158965327
11.58028751,-1.669665224,11.58028751,1,0.382512178,NA,NA
0.735594589,3.582753247,3.582753247,0,0.2479501,1.846353195,1.81996192
12.53627255,4.096396324,4.096396324,0,2.083659375,1.738193165,0.891921392
8.273386078,4.961276595,4.961276595,0,1.098494049,0.858868413,0.708951223
15.74321526,-1.714048794,-1.714048794,0,2.63220123,1.827026243,0.178556443
7.516219039,2.350064209,7.516219039,1,1.094977803,-0.659127594,-0.425915471
22.83038461,-8.89851879,-8.89851879,0,NA,3.819393468,0.133959032
12.69284679,-1.704430879,-1.704430879,0,1.64418778,1.219210434,-0.019874259
7.975609969,-1.115283156,-1.115283156,0,NA,1.624702921,NA
-0.990766969,2.999544814,2.999544814,0,NA,-0.474521681,0.406381832
-1.133300763,3.984464698,3.984464698,0,0.39084404,-0.080627301,0.813110763
8.471610143,2.921566883,2.921566883,0,1.444226971,0.70896032,NA
4.204895514,1.294769667,1.294769667,0,NA,0.295307082,0.219681609
-5.023590983,7.863682987,-5.023590983,1,NA,-0.798215965,1.034988367
1.054775309,0.582223411,0.582223411,0,-0.935556266,0.933547332,0.829702106
3.350875671,6.409247905,3.350875671,1,1.271995425,0.794832449,NA
1.119160934,5.10471365,1.119160934,1,NA,0.921837225,1.306004467
3.219653219,6.049917981,3.219653219,1,NA,2.183307452,2.098273066
-3.286413655,6.29181506,6.29181506,0,-0.553697372,-0.148185985,NA
3.085000883,7.688690524,7.688690524,0,0.627615214,NA,1.23845044
15.01814451,-5.205294995,-5.205294995,0,0.536599504,0.973293137,-0.806708004
2.231206309,2.117202841,2.231206309,1,NA,1.791562331,1.502038898
-4.320895284,15.77094682,15.77094682,0,1.933275008,3.131608077,4.358761242
2.014190009,8.019718187,2.014190009,1,2.208842553,1.321518926,1.951363928
11.06077136,1.153807842,11.06077136,1,2.212511267,NA,0.8468454
7.037206249,-0.997279236,-0.997279236,0,NA,0.900805816,0.186628015
12.84447151,1.577629719,1.577629719,0,NA,1.184990333,0.283861092
-0.330250127,5.510177223,5.510177223,0,0.018787454,2.213042398,2.304591963
7.511772528,10.12925634,10.12925634,0,4.026846267,2.379379096,2.481816705
3.679711301,3.364863598,3.679711301,1,0.389537402,-0.247199463,0.213117587
4.959877793,6.92456227,4.959877793,1,1.19631834,NA,1.116668051
4.724603593,8.103865436,8.103865436,0,1.306349558,0.51440236,1.116947993
-0.862919848,7.317809477,7.317809477,0,1.164263604,1.963089976,2.462420251
4.126103449,6.003183331,6.003183331,0,1.566804689,NA,0.830259882
-0.513931089,10.1359819,-0.513931089,1,NA,1.669121341,2.551976288
2.434006233,6.059718648,6.059718648,0,1.299581355,0.763908105,1.297513682
2.661688023,11.56381188,2.661688023,1,NA,1.720783934,2.448532203
1.72417285,0.776389985,0.776389985,0,NA,-0.198278531,0.192497355
-8.506853657,11.34389183,-8.506853657,1,0.079741771,1.89636011,3.382273456
1.652967843,-1.101024218,-1.101024218,0,-0.967578141,0.098607176,0.088061821
-10.48251476,12.23997137,12.23997137,0,-0.389809185,NA,NA
15.38402496,-0.111597948,-0.111597948,0,NA,0.46205861,-0.623023225
3.351925219,7.953451621,7.953451621,0,1.690846758,2.03340349,2.229654326
4.005837856,2.56426858,2.56426858,0,NA,-0.757016009,-0.182894193
7.100296584,0.237348594,7.100296584,1,0.244084951,NA,0.230555159
10.73389886,-2.816088226,10.73389886,1,0.166125819,0.362857948,-0.622168694
-4.537299208,9.341976315,9.341976315,0,0.419270981,-0.630385672,1.262349709
9.209771346,1.391559062,1.391559062,0,NA,0.760900488,0.205068053
1.615920168,2.49057262,1.615920168,1,NA,0.421609913,0.712161546
3.745182941,7.392386912,3.745182941,1,2.158098851,NA,1.976122651
5.108205228,3.039866589,5.108205228,1,1.477828283,0.291548257,0.495484313
2.41721759,11.21271559,2.41721759,1,NA,1.398538553,2.254298318
1.458769784,13.52027103,1.458769784,1,NA,0.315907014,1.827405935
-4.588669745,11.78564706,11.78564706,0,1.641407468,1.15761411,2.738093004
2.339351066,2.110767277,2.110767277,0,NA,-0.401764988,0.108501604
3.249678098,6.762319516,3.249678098,1,0.00431378,1.319376691,1.522962912
6.777166532,8.01937864,8.01937864,0,1.921116752,NA,NA
7.214968131,5.590008266,5.590008266,0,1.679831501,NA,1.151310154
10.43791157,0.265561924,0.265561924,0,1.347440893,0.954974785,0.169083158
-1.07818433,5.991026941,-1.07818433,1,NA,1.249957332,1.796002026
-0.599648355,9.890997308,-0.599648355,1,NA,0.690021352,1.901987211
-1.44272039,11.91935316,-1.44272039,1,2.451080786,2.304938339,3.267974792
2.869312166,4.815981495,2.869312166,1,NA,1.229176679,1.415605646
4.504021464,7.698512228,7.698512228,0,2.339217947,2.149144407,2.234338142
9.58843099,-1.158881843,9.58843099,1,1.50421454,NA,0.017760254
9.79365659,4.259803176,9.79365659,1,1.09231118,NA,0.488545985
0.584794033,7.225916264,0.584794033,1,NA,1.078482239,1.703387686
4.651057371,3.526050034,3.526050034,0,1.208339146,1.863704739,1.557205907
6.391697723,0.088765299,0.088765299,0,NA,0.140976334,-0.08057726
9.863232545,3.170528064,3.170528064,0,NA,3.602846359,2.208538804
7.67615508,1.689364836,1.689364836,0,0.409242629,0.906614078,NA
-1.882796002,14.58848218,14.58848218,0,1.969832968,NA,2.288112993
6.977536816,2.840409006,2.840409006,0,0.723127903,1.286102657,0.871701699
-5.164291886,10.95759631,10.95759631,0,0.995688894,0.496518338,2.23574595
15.5324131,-0.384352655,-0.384352655,0,NA,2.8908999,0.877443501
1.514253726,-0.255486386,-0.255486386,0,NA,-0.23085465,0.009234755
4.199609535,7.240170473,4.199609535,1,2.162193677,0.472705327,1.137426537
3.263048244,8.63215809,3.263048244,1,1.226122575,1.242005311,1.753569963
4.589443313,-0.873575662,-0.873575662,0,-0.422335468,-0.782113395,-0.669104382
14.0184601,-4.849714814,14.0184601,1,0.760141956,1.113755395,-0.573795017
3.264987045,3.089193249,3.089193249,0,1.025962924,0.662742499,0.862669692
10.26133587,-0.337510289,10.26133587,1,1.405934362,1.286904429,0.346856291
-0.393003155,12.41536744,-0.393003155,1,NA,0.60083252,1.93308105
4.81373877,6.575773397,4.81373877,1,1.734302822,0.774690066,1.17446981
4.852318788,7.637164216,7.637164216,0,1.780169126,1.271745137,1.587930047
0.259408817,6.897646173,6.897646173,0,0.874598835,-0.601175228,0.664055418
10.00502997,0.679087289,0.679087289,0,NA,0.727979533,NA
0.484385939,4.485993193,0.484385939,1,NA,0.405782868,1.036231663
2.812120859,2.945999036,2.945999036,0,NA,1.002938489,1.110521155
7.747083406,-2.016964107,-2.016964107,0,NA,0.514638262,-0.237354587
10.26045246,1.192257268,10.26045246,1,1.223439141,NA,1.647195617
4.876412198,1.128618131,1.128618131,0,NA,-0.315717933,-0.191016049
10.61340666,-1.882465231,-1.882465231,0,NA,-0.232234522,-0.857468218
2.906938864,10.55587532,2.906938864,1,NA,-0.591705174,0.755740989
10.35258762,4.61809363,4.61809363,0,2.381184401,2.206814893,1.463126788
10.26163903,-3.439016955,-3.439016955,0,0.989067435,1.259761085,0.009703549
-6.300073323,11.95305789,11.95305789,0,0.09914778,NA,3.099636303
10.23763106,-0.414759931,-0.414759931,0,NA,1.668231284,0.598091984
5.365900018,3.915053701,3.915053701,0,0.657630381,2.060108037,1.602503665
9.800968502,11.47909761,9.800968502,1,3.79978854,NA,2.470189276
11.57274134,-1.111794664,11.57274134,1,0.914504377,2.339407593,0.782347411
12.08428804,5.448412324,12.08428804,1,2.779795928,1.689562174,1.088259585
1.227132579,2.590645096,2.590645096,0,NA,1.00454605,NA
10.20987158,2.548353645,2.548353645,0,NA,2.399197687,1.309661371
0.772858301,6.576388194,0.772858301,1,NA,0.824046807,1.49811965
-0.029746709,2.584445566,2.584445566,0,NA,-0.60521065,0.190235026
8.531834822,2.810861426,8.531834822,1,1.770988426,2.429457833,1.550565442
-0.097009888,7.824030264,7.824030264,0,1.643996716,NA,2.795488845
5.053977541,0.288674586,5.053977541,1,0.110391452,NA,0.974534157
11.09185158,3.638459229,3.638459229,0,2.469657397,1.745903234,1.02159888
6.351638808,7.053176841,6.351638808,1,1.70443221,1.801299786,NA
-10.15433582,17.19573124,17.19573124,0,0.597799105,-1.366924088,2.034490686
0.973447291,3.608033632,3.608033632,0,0.79271492,NA,1.136436295
2.891786014,2.000115911,2.000115911,0,-0.736382423,0.251925426,0.375947769
10.95687306,2.521081542,2.521081542,0,NA,2.721228952,1.440713532
9.553906174,0.711823105,0.711823105,0,NA,1.333835603,0.426213411
5.056371771,5.198115561,5.056371771,1,2.012338945,0.372881891,0.796750543
7.137379691,5.097093885,7.137379691,1,1.6438733,2.393465313,1.850713153
7.625301886,6.774548924,6.774548924,0,2.66238648,1.284002269,1.345422673
-1.819288213,6.688531733,-1.819288213,1,NA,1.239716983,1.949530257
1.452287557,8.5439399,8.5439399,0,0.937304123,NA,1.372456022
12.07417385,-0.609363265,12.07417385,1,1.580373542,1.867576322,0.542715516
8.760793637,-1.392405766,8.760793637,1,0.094202832,1.14915208,0.180460726
-3.537752857,11.40488291,11.40488291,0,0.718644156,1.363709954,2.65520451
8.980730267,1.003180437,1.003180437,0,1.056191588,2.116709396,NA
10.5162427,-4.52547542,10.5162427,1,0.326377104,1.806202529,0.175279698
9.87317406,-1.764500172,-1.764500172,0,NA,-0.098227306,-0.678529702
-3.831305774,10.51450368,-3.831305774,1,-0.025338264,1.90409291,2.877192869
2.576048047,6.092147658,2.576048047,1,-0.067710854,-0.254052214,NA
6.690487838,7.440561532,7.440561532,0,1.96636986,1.907647514,1.824543287
-2.236568043,6.773796757,-2.236568043,1,NA,-0.99018604,0.562973452
5.984958468,7.008312374,7.008312374,0,2.731905541,1.928138132,1.932020579
12.14215255,2.162183486,2.162183486,0,NA,0.831694251,0.140520733
3.894011009,9.768255736,9.768255736,0,2.7721089,1.736314564,2.254595961
1.091409749,1.390610887,1.390610887,0,NA,-0.659929751,-0.150428833
-0.430937067,8.169452432,-0.430937067,1,NA,-0.001340349,1.25325442
6.501018875,3.427393809,3.427393809,0,1.182466375,0.383016189,0.435450421
9.268027477,3.127233879,9.268027477,1,0.321912873,-0.837598549,-0.698370052
5.214727185,6.397735158,6.397735158,0,1.586263305,NA,0.402918764
-3.207159579,13.9911213,-3.207159579,1,NA,-0.086933122,1.992477051
1.440259932,7.132177609,1.440259932,1,NA,-0.245158237,0.785048384
-0.396406869,8.454514011,-0.396406869,1,NA,0.187300463,1.395829275
-1.662728692,5.990087747,-1.662728692,1,-0.492935407,0.338516352,1.229954136
9.444020498,-2.136644064,-2.136644064,0,NA,1.15559358,0.108388912
6.674645693,4.219469048,4.219469048,0,1.32003516,0.684938224,0.696311462
-4.836095754,9.706323127,9.706323127,0,0.387098591,0.734088346,2.188012354
-4.710677552,9.920757133,-4.710677552,1,NA,-0.294300831,1.528968673
5.024036904,3.930293532,3.930293532,0,0.757358009,-0.281031798,0.154217459
5.803648078,4.542395596,4.542395596,0,1.444653427,0.679321741,0.81260483
2.880710475,-1.354200189,-1.354200189,0,-0.931289307,-0.09467499,-0.1662659
0.576689038,4.052810753,4.052810753,0,0.967074481,0.724643648,1.228700157
1.476488065,11.89145396,11.89145396,0,2.289185265,2.499979116,3.109454997
-5.173046924,13.63457316,13.63457316,0,1.635700975,0.141034474,2.311869307
-4.295038751,5.589833506,5.589833506,0,-0.078931722,-1.225017494,0.475528916
2.331572431,3.758887228,3.758887228,0,1.178052042,-0.809263307,0.085502154
-0.57877222,6.804084748,6.804084748,0,0.098457465,1.265331631,1.848966896
-0.015411117,7.909348267,-0.015411117,1,NA,1.294653676,1.994172073
-1.444452425,4.210814825,4.210814825,0,-0.432542451,NA,0.476051884
3.761288383,6.634887796,6.634887796,0,1.235875445,1.113652023,1.445912638
-0.897954032,4.324414172,-0.897954032,1,NA,-0.453198683,0.553273539
8.000659496,2.105648126,2.105648126,0,NA,0.030471392,-0.013652022
8.032680104,6.829783894,6.829783894,0,2.182478495,0.175678716,NA
3.826211805,-0.340369157,3.826211805,1,0.551308918,1.514295074,0.998617588
4.470012256,6.524117889,4.470012256,1,1.783932845,1.52792496,1.684864836
9.281253046,-1.820480437,9.281253046,1,-0.461841771,NA,-0.686329914
9.6246061,5.034514287,9.6246061,1,2.472771129,1.627193818,NA
3.550521586,1.623543039,3.550521586,1,-0.108640657,0.931135832,0.771121057
10.64513671,8.125305708,10.64513671,1,3.91583182,-0.049961139,0.458752076
6.624383008,9.915178152,6.624383008,1,3.129868645,1.02060026,1.596805964
2.292456417,7.470967881,7.470967881,0,1.009986279,NA,NA
-9.07435944,3.745525701,-9.07435944,1,NA,-0.876851469,0.791987695
12.15902532,-1.84967238,-1.84967238,0,1.055983218,1.147625609,-0.083575929
18.52111373,-6.388800469,-6.388800469,0,NA,1.367527106,-0.926571153
7.510261381,1.516278987,1.516278987,0,NA,-0.157125253,-0.176912211
-6.425586536,6.393234514,6.393234514,0,-0.31238308,-0.858603015,0.954201533
0.439934901,8.704229259,8.704229259,0,2.218242898,0.037270849,1.340312109
6.574564372,0.182489208,6.574564372,1,0.124564466,NA,0.245166948
1.061497563,8.83420815,1.061497563,1,NA,1.123600219,1.921716749
-1.70222879,0.791851157,0.791851157,0,NA,-0.397721637,0.194380252
8.051803107,-1.257352418,8.051803107,1,-0.476100509,0.261396367,-0.359589224
0.735754437,7.474218658,0.735754437,1,1.031916141,0.368370253,1.304452012
4.571234784,2.636056742,2.636056742,0,0.928273866,0.068889698,0.315938519
3.126972204,4.850614378,4.850614378,0,1.085022974,1.864346284,1.80537174
-0.143677048,6.530739489,-0.143677048,1,NA,-0.679271082,0.520767866
3.583079818,6.468038665,3.583079818,1,1.499112922,NA,2.269897685
3.829310447,6.501896325,6.501896325,0,1.223910264,NA,2.217936427
-6.049480625,7.774633096,7.774633096,0,-0.685352065,-0.708513742,1.10719686
12.17676326,-7.076543437,-7.076543437,0,NA,-1.330799942,-2.21187107
-1.263438575,3.823758455,-1.263438575,1,-0.877238328,-0.09128149,0.688271661
10.2696777,0.359966898,10.2696777,1,0.508901872,0.223308559,NA
10.05633751,2.059624974,2.059624974,0,2.008805092,1.11873706,0.531204725
2.195611921,2.801246382,2.801246382,0,NA,-0.226648914,0.298896057
-5.653526219,10.46707244,10.46707244,0,0.481182559,-0.533865177,1.533156817
13.7967572,-0.509110863,13.7967572,1,1.85768048,1.061572409,-0.092470975
14.26259443,-1.192938288,-1.192938288,0,1.175854284,1.711645922,0.154713002
10.46068622,-1.280696958,-1.280696958,0,-0.035968996,0.513126607,-0.380496902
2.449164193,11.6053308,11.6053308,0,2.352001184,1.244114714,2.201542799
11.08781118,-4.615884534,-4.615884534,0,0.230942294,0.729687185,-0.578631193
-2.153975596,10.6956557,10.6956557,0,-0.191836168,0.952250642,2.120322693
4.765328681,3.202859245,3.202859245,0,NA,0.082528323,0.339940369
-4.448157113,5.691225929,-4.448157113,1,NA,-0.512199331,0.915427076
5.905315899,6.02967241,6.02967241,0,2.026406453,NA,1.250676936
3.01685593,0.149915216,3.01685593,1,NA,0.440128415,0.440836136
3.2337994,4.573112723,3.2337994,1,NA,1.661560076,1.583291248
1.683845653,0.443900544,1.683845653,1,0.01223372,0.439823463,0.531913896
-1.322088209,7.75411059,7.75411059,0,0.397971301,0.834314572,1.75585201
8.213570965,4.156944359,4.156944359,0,2.35112993,0.791287924,0.712138072
7.707506771,5.080890489,7.707506771,1,2.140933844,1.616115642,NA
5.192819063,8.678958293,5.192819063,1,1.149595181,1.142332085,NA
6.796617057,1.763633019,1.763633019,0,NA,1.276721528,0.800183511
4.021416337,1.460734306,1.460734306,0,NA,-0.239534995,-0.029909671
1.399767682,12.52146074,1.399767682,1,NA,0.866898908,2.10319091
8.459696641,0.105618383,8.459696641,1,0.536400551,0.96209495,0.265180631
10.96057157,2.180919381,2.180919381,0,NA,1.70331661,0.873691791
6.433925587,1.671809766,1.671809766,0,NA,0.909179925,NA
15.59228889,-4.628792867,-4.628792867,0,NA,1.33219922,-0.482464167
6.235028135,6.682361605,6.682361605,0,1.835064333,2.690376246,2.283184684
0.234788652,3.745754882,3.745754882,0,-0.557932077,0.626837147,1.03099038
8.377917204,2.021144678,2.021144678,0,NA,1.191702136,NA
7.846044197,5.377292739,5.377292739,0,1.835467691,2.722220167,2.038387037
7.083793721,7.682425721,7.682425721,0,1.677328571,1.985578088,1.834091562
1.550902159,8.09438371,8.09438371,0,1.780689562,1.689575361,2.195563513
5.190572807,3.9754038,3.9754038,0,1.321015184,NA,0.994110463
4.883517658,7.783082023,7.783082023,0,1.645002322,1.649452046,1.826430092
1.105625019,6.65466532,6.65466532,0,0.550995202,1.841422016,NA
10.07434945,-5.299544762,-5.299544762,0,NA,0.602215455,-0.636685548
7.345636624,-1.547834458,7.345636624,1,-0.178757856,0.791035992,0.042274818
6.769273682,-0.841788447,6.769273682,1,0.403428223,NA,0.687437865
9.22841203,-1.151471024,-1.151471024,0,0.16827687,-0.214631536,-0.701275176
1.88615504,4.317028533,4.317028533,0,-0.572358965,0.634201534,0.936175024
8.31307563,3.007647785,3.007647785,0,NA,2.457697003,NA
12.28904856,-1.361298908,-1.361298908,0,2.463744693,1.279250237,0.160740807
-2.241058854,8.519914371,8.519914371,0,1.336089465,NA,2.663199409
5.327471863,0.212940941,0.212940941,0,NA,0.531821192,0.32194541
-4.08034088,8.871240499,-4.08034088,1,NA,0.447979035,1.782072966
-4.622743762,9.51607593,9.51607593,0,0.0358232,NA,NA
11.14028628,0.994145425,0.994145425,0,NA,1.347955207,0.458485817
8.317758673,-1.835017998,-1.835017998,0,NA,0.765361877,NA
5.895980678,7.611695768,5.895980678,1,1.338658216,2.410192214,2.175065346
14.68486822,-1.249663741,-1.249663741,0,NA,2.058215499,0.385974761
-2.527488216,11.99934619,11.99934619,0,1.217002281,-0.293712026,1.607986591
15.9509252,-0.35523709,-0.35523709,0,NA,1.347373568,0.005639672
11.01898897,-3.175821486,-3.175821486,0,NA,1.38975112,-0.06976056
1.123089288,8.425748933,8.425748933,0,0.667136536,0.622101212,1.484045878
9.040892158,5.156961868,5.156961868,0,1.313284547,0.831767185,0.659247687
15.65540302,-4.405046324,-4.405046324,0,NA,-0.064616159,-1.376892933
4.349930114,2.05010532,2.05010532,0,NA,0.634048245,0.640873272
4.673644085,5.376533959,4.673644085,1,1.639912693,NA,NA
13.5882899,-0.634804444,-0.634804444,0,3.100551213,2.921264388,1.211482508
1.507770358,2.813491632,2.813491632,0,NA,-0.635392457,0.169585733
14.23673942,2.170572446,2.170572446,0,0.825799815,3.657782926,NA
3.121551226,8.412884043,3.121551226,1,0.620801712,1.192746504,1.660123642
8.526432242,0.71309283,8.526432242,1,0.988347315,0.274284674,-0.082272671
6.963950562,1.987301392,1.987301392,0,NA,2.042393259,1.381612416
-2.308836546,6.366792142,-2.308836546,1,NA,-0.56413687,0.782538462
1.05750667,4.243612709,4.243612709,0,1.212112008,0.369354166,0.998517928
9.85741385,-0.683037918,-0.683037918,0,0.831734883,2.55060963,1.104140957
1.405635775,1.74767844,1.74767844,0,-0.735833566,-0.864186661,-0.222099775
3.368988924,5.430276652,5.430276652,0,1.733100566,1.527967226,1.680923534
-9.175498617,13.76175259,-9.175498617,1,NA,0.388123476,2.703846364
-3.659121627,5.014998936,5.014998936,0,-0.276111934,0.099950826,1.190696765
-0.811125949,8.85524299,-0.811125949,1,1.426810858,0.8480103,1.911750173
7.316698754,7.29868624,7.316698754,1,2.241548286,2.905355152,2.414638349
1.242838098,10.13488203,1.242838098,1,NA,2.099837429,2.67439019
5.779770923,3.969258591,3.969258591,0,2.012274649,1.61747766,1.411282358
4.778153303,7.706717812,7.706717812,0,1.847899529,NA,NA
3.271187107,4.543698689,4.543698689,0,0.796173468,NA,0.51748166
7.637286402,5.201793298,7.637286402,1,2.468677513,1.827604854,1.529674398
9.037383678,-2.833795205,-2.833795205,0,NA,1.479196503,0.248526758
14.6264551,2.009083163,2.009083163,0,2.803776371,1.797764604,0.615523333
7.89648512,4.475216799,4.475216799,0,2.487577824,NA,0.954814808
-5.69501626,9.150023686,9.150023686,0,-0.230947408,NA,1.145007462
0.841196516,3.484519873,3.484519873,0,-0.235499408,-0.827683674,0.055821657
-1.189602414,5.689662656,-1.189602414,1,0.855899844,0.104149721,1.133110269
4.484976516,5.978573089,4.484976516,1,1.120001446,2.245872886,2.03042802
-3.423410493,4.892885264,-3.423410493,1,NA,-1.068176172,0.461060662
-0.335959793,7.018202433,7.018202433,0,-0.022631286,1.025497021,1.68272819
8.855080363,4.641855332,8.855080363,1,1.205686378,NA,1.065319025
0.358565799,6.710024119,0.358565799,1,NA,1.890599067,2.274357177
5.456946092,4.792024252,4.792024252,0,1.468424211,NA,1.834200412
12.0023983,2.577212917,2.577212917,0,2.281421375,2.001077274,0.987616083
2.597441731,9.294809264,9.294809264,0,2.456839089,0.960988813,1.807375301
1.093215707,-0.986682579,-0.986682579,0,NA,-0.460165009,-0.209218652
-4.011767559,4.3525366,-4.011767559,1,NA,-0.798762088,0.549344029
14.62475058,1.56530841,14.62475058,1,2.667983697,1.924287927,0.643505183
-5.003105708,9.705357255,9.705357255,0,-0.392153945,NA,1.320777036
8.122369741,4.955885529,8.122369741,1,2.083307299,1.276957209,1.077774868
-2.390848363,3.89335606,3.89335606,0,-0.47249875,0.588942612,NA
9.807884479,6.795727762,6.795727762,0,2.680491949,NA,0.921022513
3.478571503,9.452855933,3.478571503,1,1.91840942,NA,2.603946412
11.41094488,-0.007375692,-0.007375692,0,0.528046753,0.083942725,NA
3.648953828,5.509593448,5.509593448,0,0.886101794,NA,2.541972575
-3.967917577,8.332346524,8.332346524,0,-0.250365861,0.594713916,1.837535968
9.043059531,2.215259731,2.215259731,0,NA,1.937244631,1.105999817
11.065735,-3.294613423,11.065735,1,0.802859095,-1.396757588,-1.757708404
-0.593471382,8.277939182,-0.593471382,1,NA,0.095409513,1.387480117
-9.224685557,19.0583063,-9.224685557,1,1.002848383,0.602943392,NA
7.40309442,5.338168972,7.40309442,1,2.00268389,1.440365739,1.274574419
8.42335147,1.520146637,1.520146637,0,NA,1.096041519,0.536070298
2.175006698,7.151104502,2.175006698,1,NA,1.327093885,1.754745221
-3.403543399,14.82723621,14.82723621,0,1.369279332,2.198780092,NA
11.47555085,3.469049923,3.469049923,0,2.46594692,NA,1.570033901
14.01243883,-2.100072948,-2.100072948,0,NA,0.845071032,-0.384780193
8.893027827,3.967648167,3.967648167,0,0.731725029,1.145670227,NA
2.593129578,5.490607342,5.490607342,0,1.293002136,1.44578899,1.664636621
3.694638966,7.77455542,3.694638966,1,0.8736695,NA,1.85729417
13.48537187,-5.282463263,13.48537187,1,0.051683699,1.87974725,-0.141629153
8.31507811,6.253158765,8.31507811,1,1.277417727,1.53520999,1.269269846
14.50958983,-0.11097862,14.50958983,1,2.443700293,NA,NA
-0.721526017,13.86337964,-0.721526017,1,NA,0.366948761,2.077780392
-4.004982282,8.385777191,8.385777191,0,1.458632941,NA,NA
0.07803106,8.699386741,0.07803106,1,0.972991257,0.337097326,1.450366202
7.982307228,1.671628425,1.671628425,0,NA,1.840526858,1.139222312
4.479468634,2.326937382,2.326937382,0,NA,-0.041043837,0.192557293
7.339998491,1.329621255,1.329621255,0,NA,1.990734894,1.156777194
-3.391844576,10.78659066,-3.391844576,1,NA,0.430332526,1.958841393
9.999998444,-0.519033797,9.999998444,1,0.50696602,NA,0.539470229
4.296863583,5.258991153,5.258991153,0,1.447335541,1.681522991,NA
12.14475255,-4.197362147,-4.197362147,0,0.644006212,2.581481527,0.579296564
-2.174850025,6.741174924,6.741174924,0,0.275587127,-0.071680092,1.153622857
3.880400082,5.27846404,5.27846404,0,1.018434434,-0.002113696,0.581972957
3.269517564,1.181773416,1.181773416,0,NA,0.580827089,0.447596178
3.131464774,6.30073819,6.30073819,0,0.736196011,NA,1.120284439
1.281813624,7.653896047,7.653896047,0,0.820086963,1.172295355,1.763476079
-1.173904544,6.853017044,6.853017044,0,0.069633226,NA,0.491715677
6.062034002,1.063563942,1.063563942,0,-0.181532578,1.81102689,1.04519869
11.08038907,-3.093314671,-3.093314671,0,NA,0.234168644,NA
3.467939769,5.858676144,3.467939769,1,1.397350844,NA,0.925935702
5.173130408,5.15544051,5.173130408,1,2.234970504,0.343875289,0.784037057
-6.137362238,13.09410114,-6.137362238,1,NA,1.436110691,3.074853657
11.31087877,-0.164507763,-0.164507763,0,0.629566934,1.373751608,0.251858332
-5.452788672,13.2168145,-5.452788672,1,NA,2.571709579,3.872331769
8.907811445,2.44358805,2.44358805,0,NA,-0.424486417,-0.391659762
10.67115869,-2.318224614,-2.318224614,0,1.161019405,0.26134333,-0.545360054
13.18015393,-3.644060898,-3.644060898,0,0.941827698,0.962445543,-0.467751666
2.528115823,6.94037131,6.94037131,0,1.290619848,NA,1.016370115
8.266750234,1.654773259,1.654773259,0,NA,0.190619488,0.024795949
6.957092523,0.385761708,6.957092523,1,1.097093998,NA,-0.18966715
3.336362492,7.234054434,3.336362492,1,1.14539537,1.651041446,1.872761585
7.930664745,-1.874569319,7.930664745,1,1.015208,-1.170868647,-1.180555145
1.314362088,4.11631441,4.11631441,0,-0.853095843,0.00109512,0.541502029
8.86413337,2.566134328,2.566134328,0,NA,1.4029967,0.730069256
7.123110025,3.359414258,3.359414258,0,0.715586031,0.792539226,0.590878623
-6.982414741,11.06605608,-6.982414741,1,NA,-1.423215533,1.107535372
5.45909843,7.689452942,5.45909843,1,2.416489226,1.698984355,1.867248565
10.37126234,0.648435022,0.648435022,0,NA,2.472272178,1.133124614
2.478369843,7.144754912,2.478369843,1,0.622898642,-0.249372585,0.685788693
-7.65964983,15.01837727,15.01837727,0,0.593124273,0.190714395,2.600559286
2.029289714,1.784899872,1.784899872,0,NA,0.440916046,0.528279462
4.932055546,11.2374091,4.932055546,1,2.448296387,3.462113297,3.362585729
3.429207169,9.372786985,9.372786985,0,1.985311366,1.309201953,1.917573169
0.164568738,4.179530701,0.164568738,1,NA,0.576278628,1.064522981
12.04923133,-4.906083198,12.04923133,1,-0.112985918,NA,-1.454120066
4.130284723,1.48643459,1.48643459,0,NA,0.02943749,0.157804454
0.995892887,6.86187533,0.995892887,1,0.574210667,0.39371711,1.199655716
21.20263222,-8.42589148,-8.42589148,0,NA,0.353853489,-1.930382871
15.0672392,-2.297693077,15.0672392,1,2.173867287,NA,NA
10.15928625,-0.041730212,-0.041730212,0,NA,1.354570052,0.479965405
4.454494994,6.840280537,6.840280537,0,2.280478615,NA,2.34414641
-0.853363873,6.042840304,-0.853363873,1,NA,-1.177051728,0.208340395
2.237570664,5.71116275,2.237570664,1,NA,1.198708631,1.538320958
10.52436036,-0.766826859,-0.766826859,0,NA,1.283716025,NA
15.26668071,-11.93809142,15.26668071,1,-1.477984531,1.405585688,-1.34942335
10.02607023,-1.134901486,-1.134901486,0,NA,-0.129598339,-0.598181965
-0.654047318,7.163090678,7.163090678,0,0.192301741,NA,1.265796876
14.71458444,0.782079192,0.782079192,0,1.494675499,1.849189787,0.409681706
6.011328263,2.445400862,2.445400862,0,NA,1.69536951,1.215767735
5.486702845,5.757146728,5.486702845,1,2.307228438,0.685889784,1.034445528
14.59890347,-4.874849915,14.59890347,1,0.152675269,-0.090179603,-1.450212303
8.343332427,-0.008258703,8.343332427,1,-0.328656986,0.999750501,0.210727763
15.33334936,-1.636523175,-1.636523175,0,NA,0.998755009,-0.400456876
2.775678899,3.4877415,3.4877415,0,1.558754914,NA,0.57029823
18.86087503,0.25773788,18.86087503,1,2.726989219,1.442508975,-0.161689555
7.089732542,5.16405322,5.16405322,0,2.231578564,NA,0.408169913
-1.022328248,10.32091877,10.32091877,0,1.959560059,1.966638591,2.824479747
12.23949222,3.504238293,3.504238293,0,2.140394201,0.727732051,0.227205875
9.695956991,-0.985046134,-0.985046134,0,NA,1.286304447,0.310338091
5.813059741,6.028379912,5.813059741,1,1.57666195,1.741977517,1.635074976
1.129100349,8.339695343,1.129100349,1,NA,2.299290818,2.563161644
5.259418832,5.178419311,5.259418832,1,1.600152286,1.587893569,1.512218886
4.477185036,0.239680216,0.239680216,0,-0.681820209,2.164047171,1.293545924
2.942598181,8.538338295,2.942598181,1,NA,1.48643913,1.85646995
0.645980568,7.536379743,0.645980568,1,NA,0.419381175,1.304815666
8.25650605,4.37138049,8.25650605,1,1.438848902,NA,1.028591847
4.638160977,2.423941672,2.423941672,0,NA,1.141227291,0.970510266
4.138045105,-4.918177716,-4.918177716,0,NA,-0.454067698,NA
8.225033938,1.898098445,8.225033938,1,0.712181594,0.513548103,0.180007529
3.890684374,1.644871134,1.644871134,0,NA,0.916294927,0.826487518
-0.226259512,8.789199538,-0.226259512,1,0.599179368,2.148869396,2.605156744
8.449258687,3.032315456,8.449258687,1,2.345604103,0.81036053,0.600107689
6.314576699,4.827810685,6.314576699,1,2.240475998,1.451443321,1.355801203
-8.48122809,6.330207425,-8.48122809,1,NA,0.148572113,1.668178299
-1.084124374,7.204521682,7.204521682,0,1.220368144,NA,NA
5.709266425,5.876183135,5.876183135,0,1.51521826,NA,1.424995515
2.366014695,5.811719298,2.366014695,1,0.993784125,0.274343333,0.941808369
0.754629033,11.24698038,11.24698038,0,1.509632111,0.906489309,2.031582602
18.36358126,-7.432472489,-7.432472489,0,NA,1.18252667,-1.074744371
1.084040339,9.856145629,9.856145629,0,1.783251054,2.64920025,3.009068918
4.076607767,8.106082539,4.076607767,1,1.032721617,0.449368144,1.109797582
-0.845607994,6.341897706,6.341897706,0,-0.022723356,1.315113243,1.851870459
7.948237686,5.819399453,7.948237686,1,2.62398739,2.159932788,NA
4.24754199,5.612507298,4.24754199,1,0.460503525,NA,1.306449127
9.379099108,2.80009511,2.80009511,0,NA,2.278375581,NA
2.879563535,8.251097941,2.879563535,1,NA,-0.077221523,0.984753567
4.467638411,6.025303253,6.025303253,0,1.061306261,NA,0.829670609
9.811935828,-0.869725964,9.811935828,1,1.118856229,0.659790143,NA
11.2246231,3.777976959,11.2246231,1,2.744592485,NA,0.565935144
7.457824756,-0.22294388,-0.22294388,0,0.955419839,-0.420810715,-0.515547618
7.196020858,-2.939161283,-2.939161283,0,NA,0.432308073,-0.23534159
13.31112822,-1.852159171,-1.852159171,0,NA,1.972489805,0.311077835
6.084309919,-0.466966354,-0.466966354,0,0.812591669,0.847154183,NA
-5.939990942,7.983045813,-5.939990942,1,-1.554560438,-0.328881918,1.278754808
5.277198009,0.271083974,0.271083974,0,NA,0.537512471,0.364953114
17.86519587,2.919479057,17.86519587,1,2.789845616,2.174684254,0.642447144
7.132956286,5.344362625,5.344362625,0,1.495229985,1.01260124,0.981349546
3.401143751,6.382071607,3.401143751,1,0.857165978,1.250525121,1.508342699
4.545088118,5.181161547,5.181161547,0,1.46394879,1.17707294,1.303593891
5.561433274,4.455786987,4.455786987,0,2.053046579,0.350996851,NA
7.701754807,0.88772734,7.701754807,1,1.69600943,1.273767205,0.708941127
-4.297358885,8.861215377,-4.297358885,1,-0.231944396,-0.57174422,1.174947303
8.860892609,-5.25013365,-5.25013365,0,-0.937780435,-0.530061744,NA
-6.237045659,12.48604236,-6.237045659,1,NA,1.255509131,2.898738604
13.00154553,1.672486268,13.00154553,1,2.576571859,3.698617306,1.921621248
0.579330698,6.203337603,0.579330698,1,0.222588054,0.674407318,1.32431329
-8.514820721,17.25987299,17.25987299,0,0.849189681,0.048520352,2.814865987
10.41766893,1.879565016,1.879565016,0,NA,0.584525183,0.177118667
16.73696221,-0.33720289,-0.33720289,0,NA,1.870308667,0.227496487
-5.745487792,9.602622142,-5.745487792,1,-0.562285838,-0.21184,1.572994918
2.210002977,-1.311103075,2.210002977,1,NA,-0.816366273,-0.590504937
11.16837161,-6.081159497,-6.081159497,0,0.23883869,0.236584714,-1.032236311
-3.528308356,10.17958729,10.17958729,0,0.567547249,NA,2.404398562
6.038860341,3.952382019,3.952382019,0,1.67263353,NA,1.256393377
6.120862727,6.874258357,6.874258357,0,1.450651142,2.000573072,1.837096207
-12.13163946,12.46223842,-12.13163946,1,NA,0.876673239,NA
5.032800868,3.741430029,3.741430029,0,1.785328698,NA,2.238616756
-2.613535188,7.406143871,-2.613535188,1,NA,1.245194891,2.069330609
15.03965847,-5.234690934,-5.234690934,0,1.785383167,2.267121754,0.125535095
-2.77364655,11.98977197,-2.77364655,1,1.735980886,2.366948511,3.369821725
6.897106213,5.233722563,5.233722563,0,1.480640216,1.229145578,1.129206874
11.95816197,0.239161072,0.239161072,0,NA,1.180680222,0.130754262
10.393158,2.133417804,2.133417804,0,1.813880508,2.691656844,1.490521656
9.028752466,5.385704514,9.028752466,1,2.200010088,2.417148765,1.770636681
1.15925696,4.072725698,4.072725698,0,0.157151586,NA,0.471957762
0.309485325,4.675144439,0.309485325,1,-0.142776233,-0.250771097,0.5879532
5.642470666,3.810609486,3.810609486,0,0.897823189,NA,0.841655051
2.201761205,9.41637803,9.41637803,0,2.366645042,NA,2.631750065
-1.517153815,9.500395813,-1.517153815,1,0.925321416,0.087523612,1.505048757
1.561285467,6.757626398,6.757626398,0,0.71348634,0.639570259,NA
-1.305300811,10.91093411,10.91093411,0,1.782901167,1.959936855,2.883517643
6.167191701,1.287740852,1.287740852,0,0.880402212,1.52279191,0.969135885
6.503750389,-2.442308791,-2.442308791,0,NA,-0.472678131,-0.831589894
3.796870224,2.847225115,2.847225115,0,0.569966528,0.782776986,0.827250938
-0.033306691,5.952010782,-0.033306691,1,NA,-1.270615928,0.078232067
1.558738475,6.499378342,6.499378342,0,1.541235911,1.150823745,1.685240181
6.00985159,2.576776567,2.576776567,0,NA,0.398572188,0.397354569
5.632154367,1.541187128,1.541187128,0,NA,0.619738167,0.353349874
13.01931591,2.02400115,2.02400115,0,NA,1.695304158,0.585251282
12.31588029,-0.459041595,-0.459041595,0,1.175647879,-0.093826969,-0.750551162
7.831202809,4.992462583,4.992462583,0,2.042515373,NA,1.301348214
13.97268076,-0.140346956,-0.140346956,0,NA,0.538129131,-0.403962226
3.704748809,3.726700892,3.726700892,0,0.481238467,0.657476253,0.827774938
-4.927877929,4.008966762,4.008966762,0,-1.314042,-0.845549674,0.518541361
8.809684375,-0.101217706,-0.101217706,0,NA,0.358094198,-0.175596512
-1.509641256,4.513743141,-1.509641256,1,NA,-0.112961493,NA
15.76052021,4.254725931,15.76052021,1,2.859007131,NA,1.530942461
6.068012473,0.931156693,0.931156693,0,NA,0.891217542,0.500666852
2.888945739,4.003094841,2.888945739,1,0.642650332,1.744365874,1.633396414
0.539064803,9.208164969,0.539064803,1,NA,0.728490957,1.707892436
-1.503190324,11.49752769,11.49752769,0,0.592583704,0.52564707,1.933893747
-1.777032289,14.90688765,14.90688765,0,2.440633655,2.46416498,NA
1.384472774,8.305301275,8.305301275,0,1.259785676,NA,1.674257516
2.347863047,11.18215751,11.18215751,0,3.032544712,NA,1.97639978
1.509122529,8.109741896,1.509122529,1,NA,0.846652465,NA
5.15763067,0.45842298,0.45842298,0,0.690391757,0.266691138,0.168911094
-4.408831981,11.23004466,-4.408831981,1,0.94011157,1.218063497,2.645948426
-0.965388305,5.956306104,5.956306104,0,0.043397942,0.357429977,1.224282017
1.384271608,7.281388533,7.281388533,0,1.054618496,NA,1.757336259
-3.212332651,3.843025125,-3.212332651,1,NA,-1.112144124,0.198890421
-3.257557813,5.963540583,5.963540583,0,0.485912937,1.435086603,2.159328868
6.087418927,4.841565599,4.841565599,0,2.229378142,NA,1.812195521
-1.432454675,4.381986059,4.381986059,0,-1.342167318,1.110676535,1.477000833
4.163594469,4.188331952,4.188331952,0,0.415336097,0.08391503,NA
2.314111657,5.59014815,2.314111657,1,-0.194374421,2.040019624,1.941981767
7.892869742,-1.697696832,-1.697696832,0,NA,0.834418277,0.026003298
3.650319364,-1.56525135,-1.56525135,0,NA,0.358729797,0.021363386
1.164654586,10.47276502,10.47276502,0,1.951826095,NA,2.183692319
-4.174524052,5.229723131,-4.174524052,1,-0.989597183,-0.562774863,0.770475087
-1.26620534,8.467930689,8.467930689,0,1.276842915,0.955433455,1.972637557
2.52621099,7.676498418,2.52621099,1,NA,2.248092069,2.346244779
10.57542593,0.703966474,0.703966474,0,NA,1.065623073,0.293006048
11.5144729,2.241003754,2.241003754,0,NA,3.104219246,NA
8.323553844,3.297511689,8.323553844,1,1.105102645,2.13387777,1.365109535
4.80525466,1.589766667,1.589766667,0,NA,0.320055134,0.284378922
9.106598523,0.673479971,0.673479971,0,1.498164661,1.190974083,0.491078608
7.455539619,0.910043926,0.910043926,0,NA,0.36203822,0.145679003
4.26548257,1.882188755,1.882188755,0,NA,2.368974751,1.637972604
2.027757866,6.106686805,2.027757866,1,NA,0.700460455,NA
-2.614846483,10.46974305,10.46974305,0,0.492252734,0.109316448,NA
2.917172772,1.978457815,1.978457815,0,NA,1.699532836,NA
-0.746839371,8.015785772,8.015785772,0,1.004839115,1.488181638,NA
-0.329267253,3.357751728,-0.329267253,1,NA,0.469431943,1.019023104
0.341089088,5.16304386,0.341089088,1,NA,-0.157795728,0.798946486
3.794805349,-0.869115416,-0.869115416,0,NA,-0.183947245,-0.233002414
3.916177707,-0.128855148,3.916177707,1,-0.706320826,NA,0.640244492
-1.163475451,6.738926551,6.738926551,0,0.405313067,NA,1.64092804
6.529559251,6.564209243,6.529559251,1,1.950275567,2.299815285,2.007602959
2.832526989,0.794825762,2.832526989,1,-0.493077568,1.215659611,0.907167135
-1.348754607,4.403474096,4.403474096,0,-0.028717902,NA,2.275499188
1.307605782,7.244653066,1.307605782,1,NA,-0.345368585,0.804179556
-7.232348639,8.318832503,-7.232348639,1,-1.375031556,-1.289475386,0.831801989
4.135394658,4.722040285,4.135394658,1,2.148965266,1.451905536,1.53626815
9.709805685,2.236029788,2.236029788,0,NA,1.324262229,NA
8.670391033,3.242843023,3.242843023,0,0.82243321,1.190820281,NA
14.28324705,-1.551882223,-1.551882223,0,2.048588131,2.585484652,0.755622856
5.882661027,1.529870836,1.529870836,0,NA,2.37629353,1.547389044
-1.483460706,6.427374215,-1.483460706,1,NA,0.772086325,1.550355573
9.715113411,2.936264361,2.936264361,0,2.730186188,0.93589646,NA
-4.928942251,7.077961666,-4.928942251,1,NA,0.672088508,1.856137006
4.278985422,2.066575032,2.066575032,0,NA,0.124191964,NA
5.787818425,1.341325151,1.341325151,0,NA,1.360432684,0.824239026
-0.145302146,6.720404649,-0.145302146,1,1.132568789,0.736763283,1.559601688
10.31599307,-0.238483192,10.31599307,1,-0.042851898,NA,0.536119287
1.892107453,0.11221264,0.11221264,0,-0.275181184,0.300102937,0.367785869
1.148322852,8.036742028,1.148322852,1,1.452508905,0.331692793,1.332979785
5.977321981,6.92452614,5.977321981,1,1.858216685,0.571441124,0.982318974
13.50463076,-1.474152602,13.50463076,1,1.789210684,1.3182245,0.003454438
8.107783692,-0.196494532,-0.196494532,0,1.235475847,0.802824193,0.231906088
6.301471219,2.869409963,2.869409963,0,0.405784199,0.63114418,0.490157473
8.443620578,3.673114005,8.443620578,1,2.163672029,0.421125052,0.394640075
2.090342298,5.673056509,5.673056509,0,1.263804257,1.912967148,2.021571682
6.856030212,5.916336822,5.916336822,0,1.479589272,1.498164354,1.366095123
2.216210584,-1.475273852,-1.475273852,0,NA,-1.05783558,-0.675438117
12.20915684,-1.877043337,-1.877043337,0,NA,1.262981005,-0.005300253
8.638699688,-2.6452477,-2.6452477,0,NA,0.454719782,-0.383348307
2.927534602,3.574152421,2.927534602,1,NA,-0.295402882,0.28699227
-3.84420993,7.886032575,7.886032575,0,0.53749893,NA,0.984666198
11.57047444,-4.298105513,-4.298105513,0,NA,-1.793706374,-2.220866286
8.369133415,-2.803523654,8.369133415,1,0.773102837,2.013471364,0.699522301
13.81426633,-6.248090051,-6.248090051,0,0.410514302,0.871162534,-0.868518577
-0.427120409,7.121706441,7.121706441,0,0.643552626,-0.024154917,1.093026824
6.315336243,4.353961055,6.315336243,1,1.363678147,1.81638625,1.465182428
-0.770934198,6.386534106,6.386534106,0,0.743399746,-0.140253924,0.992644598
0.309966509,2.355237175,2.355237175,0,-0.379701576,0.32463496,0.721637619
3.588983235,3.58260054,3.58260054,0,1.445908578,0.602037533,0.877617146
4.340486184,3.88309282,3.88309282,0,1.183934965,0.838489168,0.963269616
-2.252576495,14.43043124,-2.252576495,1,NA,-0.555032207,1.644032532
5.515277254,3.571164854,3.571164854,0,1.300272297,2.426981777,1.849548394
-5.246297802,9.642549236,9.642549236,0,0.120463731,NA,2.324409874
11.27064058,-0.770898724,-0.770898724,0,0.65748079,1.395797285,0.216956589
1.982765794,5.28679854,1.982765794,1,NA,1.411673051,1.595509962
8.402384283,-0.735367959,-0.735367959,0,NA,1.360538989,0.375851332
8.817970664,0.429128274,0.429128274,0,NA,1.356294941,0.647417881
16.45449909,1.09777162,1.09777162,0,NA,2.29364497,0.645565489
3.240109918,5.450846045,3.240109918,1,NA,0.608730141,NA
5.095699265,5.671141456,5.671141456,0,2.386548922,NA,1.099997341
6.192583751,3.385161684,3.385161684,0,0.355510917,NA,-0.212929114
13.26385467,3.720391591,3.720391591,0,3.879183444,NA,1.968844864
-13.68917134,13.73081756,-13.68917134,1,NA,-0.962994574,2.213726073
9.999010033,-1.932517293,-1.932517293,0,NA,1.114501806,-0.026251845
18.04288272,2.886557752,2.886557752,0,NA,3.222276104,1.34650682
0.128366535,4.392469635,4.392469635,0,0.500717976,0.843215505,1.333393601
1.291345984,5.738705932,1.291345984,1,1.042029382,0.214070261,0.998898287
6.992975769,6.409434924,6.409434924,0,2.392922004,0.08284482,0.580844991
-1.327083019,6.850784232,-1.327083019,1,NA,0.504432657,1.436109682
0.121454112,11.22473924,0.121454112,1,NA,1.403610158,2.459061065
-1.765819328,7.420955363,7.420955363,0,0.497580461,NA,0.730076895
3.85073333,0.239955528,0.239955528,0,NA,2.168220859,1.34384379
14.36423913,2.212650139,2.212650139,0,NA,2.879195296,1.315780657
2.014602556,4.934834174,4.934834174,0,0.21244117,0.64130562,1.056528375
1.947000654,6.760385668,6.760385668,0,1.190981293,NA,1.246165462
9.121858561,2.549283713,2.549283713,0,NA,1.814001073,NA
-1.762937371,10.75636448,-1.762937371,1,NA,1.620737109,2.663129393
11.79849227,1.113156675,1.113156675,0,1.60782642,1.49476923,0.48962504
11.83168174,-2.038980523,-2.038980523,0,NA,2.70868803,1.017045779
13.36784542,-5.077854522,-5.077854522,0,NA,-0.111304605,-1.343938096
3.646723801,8.14397675,3.646723801,1,2.167474822,-0.054583431,0.934785796
17.22906343,-5.951125885,-5.951125885,0,1.670108723,0.915407203,-1.009293652
10.38657568,0.638515453,0.638515453,0,NA,1.239759512,0.415547819
5.665448728,3.511002903,3.511002903,0,0.090658518,NA,0.632282113
8.463646432,3.804317695,3.804317695,0,1.940743353,NA,1.452201735
3.441428403,6.930830676,3.441428403,1,1.390266738,0.646530798,1.218671327
12.25949684,-0.380594151,-0.380594151,0,NA,1.033148988,0.133218267
10.03571842,0.624094584,0.624094584,0,NA,1.818669133,0.810433993
5.11090262,2.203170244,5.11090262,1,0.171642347,1.228148065,0.896449675
-0.979904213,6.41287346,-0.979904213,1,0.041220578,2.31048729,2.50976448
1.674561258,4.546143262,4.546143262,0,0.774102047,2.287572809,2.150790338
11.01290206,4.814492386,11.01290206,1,2.827125069,NA,0.899777117
5.886740276,2.738957088,2.738957088,0,0.579967601,1.003782925,0.768969536
4.829940672,2.015996005,2.015996005,0,0.703090261,1.352950006,1.032708694
3.97716387,-1.328612315,-1.328612315,0,NA,-0.625504846,-0.540140714
-1.03029082,10.73300269,-1.03029082,1,0.296965245,-0.772655055,NA
6.197798064,-1.686049082,-1.686049082,0,NA,0.248071711,-0.257858087
7.77309077,1.553530064,1.553530064,0,NA,1.12931142,0.566998861
17.26223197,-3.842211635,-3.842211635,0,NA,2.515093952,0.20573973
15.16348104,2.796662942,2.796662942,0,NA,2.100511063,NA
4.981863795,7.305398453,7.305398453,0,1.608552305,2.066518093,2.036155783
6.111931108,8.667861248,6.111931108,1,2.39475934,2.160817916,NA
2.127316089,10.55309484,10.55309484,0,2.26239375,2.585153973,2.980386392
2.432039709,8.507663554,8.507663554,0,0.941855917,NA,NA
16.44757998,-3.712808066,-3.712808066,0,NA,0.675470594,-0.820676558
16.17493178,-2.233889366,-2.233889366,0,1.846687719,1.697322585,-0.061897758
-6.250681635,10.05957193,-6.250681635,1,NA,0.142704124,1.843525136
3.0384951,13.6463104,13.6463104,0,2.566028806,1.654501182,2.614122943
12.31539885,-0.112470819,12.31539885,1,2.364434988,1.519382958,0.41565873
11.06073035,0.75693277,0.75693277,0,NA,1.554051521,0.545192939
-3.029271851,12.30520834,-3.029271851,1,1.816050232,0.582423345,2.293408531
10.0798017,-0.256529547,-0.256529547,0,0.807260227,1.505342967,0.455302704
5.982657544,10.86108367,5.982657544,1,2.904226178,1.520092705,2.038481931
0.440243777,9.455153947,9.455153947,0,0.583333218,0.364547282,1.468188578
14.32219514,-0.620424164,-0.620424164,0,NA,2.03039935,0.532854238
7.912737692,-0.543853137,-0.543853137,0,0.288914248,2.292892298,1.080233591
10.95124333,3.699209695,3.699209695,0,2.524219742,NA,0.567619583
12.71044342,-4.333503303,-4.333503303,0,NA,1.498096849,-0.206495296
5.567420522,2.845031785,2.845031785,0,NA,0.800823978,0.626747418
-0.603154556,3.028000312,3.028000312,0,NA,-1.747754698,-0.536865075
-3.641804359,11.00224404,-3.641804359,1,0.617650157,-0.025180011,NA
-1.47248424,5.716789379,5.716789379,0,-0.122013303,0.362070978,1.236523379
2.44490949,10.5162001,10.5162001,0,2.414665422,2.010356967,2.596223164
2.278707959,5.657489325,5.657489325,0,0.250582497,NA,1.769934715
-4.063567055,9.727304617,-4.063567055,1,NA,0.547517764,2.04898504
11.62893234,2.499502913,2.499502913,0,NA,3.252911397,NA
